克爾克島,Krk,
弗爾,Föhr,
納弗沙島,Navassa Island,
貝爾納謝克島,Bernaschek-Insel,
聰島,Tunø,
維澤島,Viðey,
薩拉戈麥斯島,Isla Salas y Gómez,
伊良部島,Irabu Island,
曾卜拉島,Zembra,
阿爾馬夏島,Armathia,
阿魯巴,Aruba,
撒丁岛,Sardinia,
大不列顛島,Great Britain,
愛奧那島,Iona,
西西亞島,Cicia,
凡島,Fanø,
圣安唐岛,Santo Antão,
圣尤斯特歇斯,Sint Eustatius,
库页岛,Sakhalin,
安德羅斯島,Andros,
戈佐岛,Gozo,
布拉諾島,Burano,
提洛岛,Delos,
薩爾島,Sal,
努库希瓦岛,Nuku Hiva,
四國,Shikoku,
西兰公国,Principality of Sealand,
布韦岛,Bouvet Island,
尼姆巴島,Mnemba Island,
泰雷斯島,Thérèse Island,
海獅島,Sea Lion Island,
奧斯特雷島,Ostryj Island,
貝卡島,Beqa,
棉兰老岛,Mindanao,
青年岛,Isla de la Juventud,
兰皮奥内岛,Lampione,
溫哥華島,Vancouver Island,
奇茲姆盧島,Chizumulu Island,
小康沃利斯島,Little Cornwallis Island,
布雷顿角岛,Cape Breton Island,
羅伯特島,Robert Island,
薩馬爾加島,Samalga Island,
馬略卡島,Majorca,
艾拉島,Islay,
爪哇岛,Java,
栗島,Awashima,
龙目岛,Lombok,
苏拉威西岛,Sulawesi,
巴厘岛,Bali,
班克斯島,Banks Island,
澤西島,Jersey,
茂宜島,Maui,
布拉奇岛,Brač,
馬雷島,Maré,
北日德蘭島,North Jutlandic Island,
塞爾夫島,Cerf Island,
圣港岛,Porto Santo Island,
聖喬治·馬焦雷島,San Giorgio Maggiore,
布勒德島,Brøde Island,
布雷恩島,Brain Island,
漂流島 (斐濟),Castaway Island,
卡夫雷拉島,"Cabrera, Balearic Islands",
曼拉島,Manra Island,
科斯岛,Kos,
北凱科斯島,North Caicos,
埃達克島,Adak Island,
庫爾曼島,Coulman Island,
敘爾特塞,Surtsey,
大凱馬達島,Ilha da Queimada Grande,
纳克索斯岛,Naxos Island,
難以形容島,Inexpressible Island,
博阿維斯塔島,"Boa Vista, Cape Verde",
叙尔特岛,Sylt,
塔拉瓦环礁,Tarawa,
赫瓦爾島,Hvar,
蘇門答臘,Sumatra,
九州,Kyushu,
大卡里蒙島,Karimun,
錫爾巴島,Silba,
库拉索,Curaçao,
波内赫,Bonaire,
沃爾特島,Wörth,
爱尔兰岛,Ireland,
菲英島,Funen,
臺灣,Taiwan Island,
南塔克特,Nantucket,
因什法德島,Inchfad,
因奇馬諾克島,Inchmarnock,
恩高島,Gau Island,
朱拉島,Jura,
克基拉島,Corfu,
圣维森特岛,São Vicente,
拉吉德島,Rugged Island,
撒尔塞特岛,Salsetteön,
金岛,King Island,
馬爾島,Isle of Mull,
北島,North Island,
聖尼古拉斯島,San Nicolas Island,
卡尼奧島,Isla del Caño,
多巴哥岛,Tobago,
斯兰岛,Seram Island,
象岛,Elephanta Island,
赫塔島,Hirta,
陶爾島,Tower Island,
杰尔巴岛,Djerba,
松巴哇島,Sumbawa,
曼島,Mandø,
南島,South Island,
斯匹次卑尔根岛,Spitsbergen,
呂宋,Luzon,
纽芬兰岛,Newfoundland,
卡普里岛,Capri,
优卑亚岛,Euboea,
迪戈加西亚岛,Diego Garcia,
拉布島,Rab,
拔摩岛,Patmos,
塞班岛,Saipan,
伊斯帕尼奥拉岛,Hispaniola,
小拉帕島,Rapa Iti,
拉奈島,Lanai,
因什默里島,Inchmurrin,
基塔瓦島,Kitava,
乌瑟多姆岛,Usedom,
勒姆島,Rømø,
奧蘭主島,Fasta Åland,
法克湖島,Faaker-See-Insel,
艾爾島,Ærø,
布魯特斯島,Brutus Island,
阿森松岛,Ascension Island,
巴蒂基島,Batiki,
茲拉林島,Zlarin,
賴克斯島,Rikers Island,
馬卡泰阿島,Makatea,
櫻島,Sakura Island,
伊尼希爾島,Inisheer,
卡爾王子島,Prins Karls Forland,
德文島,Devon Island,
薩巴,Saba,
飛島,Tobishima,
貝克島,Baker Island,
特塞尔,Texel,
麦夸里岛,Macquarie Island,
朱代卡岛,Giudecca,
兰萨罗特岛,Lanzarote,
凯法利尼亚岛,Kefalonia,
梅诺卡岛,Minorca,
奧爾德尼島,Alderney,
马萨葡萄园岛,Martha's Vineyard,
大加那利岛,Gran Canaria,
馬拉若島,Marajó,
新幾內亞,New Guinea,
帕纳雷阿岛,Panarea,
長島,Long Island,
法維尼亞納島,Favignana,
凱爾島,Caher Island,
大島,Oshima,
克瓦爾島,Kvaløya,
大溪地,Tahiti,
中島,Moyenne Island,
圣马丁岛,Saint Martin,
新不列顛,New Britain,
斯通波利島,Stromboli,
弗雷澤島,Fraser Island,
聖安德烈斯島,San Andrés,
大公主島,Princess Royal Island,
馬提尼克,Martinique,
夏威夷島,Hawaii,
欧罗巴岛,Europa Island,
道格斯島,Isle of Dogs,
诺福克岛,Norfolk Island,
馬卡斯金島,Island Macaskin,
猿島,Sarushima,
科薩米爾群島,Ksamil Islands,
沖永良部島,Okinoerabujima,
歐胡島,Oahu,
魁北克鸟岛,Bonaventure Island,
佩雷希爾島,Perejil Island,
摩洛凱島,Molokaʻi,
邦加島,Bangka Island,
阿爾巴特羅斯島,Albatross Island,
喀拉喀托火山,Krakatau,
瓦恩島,Vanna,
埃伊納島,Aegina,
斯霍克兰,Schokland,
亚历山大一世岛,Alexander Island,
富埃特文图拉岛,Fuerteventura,
獨島,Liancourt Rocks,
怀特岛郡,Isle of Wight,
圣赫勒拿岛,Saint Helena,
索科特拉岛,Socotra,
沃林島,Wolin,
希乌马岛,Hiiumaa,
科米诺岛,Comino,
西兰岛,Zealand,
阿爾卡特拉斯島,Alcatraz Island,
長洲,Cheung Chau,
復活節島,Easter Island,
坎納島,Canna,
佐渡岛,Sado,
米西切利翁島,Eilean Mhic Chrion,
阿巴里靈阿環礁,Kanton Island,
斯圖爾特島,Stewart Island / Rakiura,
奧索尼島,Othonoi,
拉納爾島,Rennell Island,
富國島,Phú Quốc,
洛格島,Lågøya,
諏訪之瀨島,Swanosejima,
塞克勒特里島,Secretary Island,
豪勳爵島,Lord Howe Island,
打拉根島,Tarakan Island,
瀨底島,Sesoko Island,
莱斯博斯岛,Lesbos,
馬尼圖林島,Manitoulin Island,
史泰登岛,Staten Island,
克里特,Crete,
帝汶,Timor,
朗厄蘭島,Langeland,
科爾島,Coll,
馬累,Malé,
揚馬延島,Jan Mayen,
茨雷斯島,Cres,
莫羅泰島,Morotai,
安年科夫島,Annenkov Island,
恩德伯里島,Enderbury Island,
瓦西里岛,Vasilyevsky Island,
北极群岛,Canadian Arctic Archipelago,
爱莲·朵娜,Eilean Donan,
于特岛,Utøya,
與論島,Yoron Island,
見付島,Mitsukejima,
計吐夷島,Ketoy,
沖南岩,Okinominamiiwa,
羅本島,Robben Island,
萨拉米斯岛,Salamis Island,
蒲台,Po Toi,
朱美拉棕櫚島,Palm Jumeirah,
布阿里基島,Buariki,
諾丁漢島,Nottingham Island,
多瑙島,Donauinsel,
伯德島,Bird Island,
寶島 (鹿兒島縣),Takarajima,
梅尔维尔岛,Melville Island,
特立尼达岛,Trinidad,
婆罗洲,Borneo,
珊迪島,Sandy Island,
弗洛勒斯岛,Flores,
萊夫卡斯州,Lefkada,
馬爾他島,Malta,
伊薩基島,Ithaca,
本州,Honshu,
詹努特里島,Giannutri,
關島,Guam,
香港島,Hong Kong Island,
巴貝島,Babe Island,
济州岛,Jeju Island,
艾萊西瑙伊姆赫島,Eileach an Naoimh,
馬德拉島,Madeira Island,
瓜达尔卡纳尔岛,Guadalcanal,
伯尼島,Birnie Island,
貝阿塔島,Beata Island,
拉米雷茲島,Ramírez Island,
圣托里尼,Santorini,
拉托爾圖加島,La Tortuga Island,
豪蘭島,Howland Island,
博雷島,Boreray,
柏爾的金字塔,Ball's Pyramid,
白令岛,Bering Island,
米科诺斯岛,Mykonos,
硫磺岛,Iwo Jima,
埃梅利斯島,Q655458,
福莫薩島,Formosa,
弗雷格特島,Frégate Island,
科爾丘拉島,Korčula,
丹尼斯島,Denis Island,
布鲁尼岛,Bruny Island,
戈爾戈納島,Gorgona,
莫爾斯比島,Moresby Island,
加韋勒赫群島,Garvellachs,
萊桑環礁,Laysan,
伊维萨岛,Ibiza,
北島,Cayo Norte,
帕洛米洛斯島,Isla Palominos,
福门特拉岛,Formentera,
馬格耶斯島,Isla Magueyes,
巴芬島,Baffin Island,
伊莎貝拉島,Isabela Island,
巴斯特尔岛,Basse-Terre Island,
利姆诺斯岛,Lemnos,
北海道,Hokkaidō,
哈马黑拉岛,Halmahera Island,
圣诞岛,Christmas Island,
圣诞岛,Kiritimati,
斯特莱默岛,Streymoy,
東龍洲,Tung Lung Chau,
熊岛,Bear Island,
瓦胡卡島,Ua Huka,
阿加萊加群島,Agaléga,
阿姆斯特丹岛,Île Amsterdam,
赫姆島,Herm,
鬱陵島,Ulleungdo,
莫納島,Isla de Mona,
庫尤島,Kuiu Island,
克利珀頓島,Clipperton Island,
考艾岛,Kauai,
格鲁特岛,Groote Eylandt,
瓦伊加奇岛,Vaygach Island,
科迪亚克岛,Kodiak Island,
维提岛,Viti Levu,
马都拉岛,Madura Island,
博福特島,Beaufort Island,
天鹅岛 (巴黎),île aux Cygnes,
布里亞斯島,Burias,
富圖納島,Futuna,
格鲁伊纳岛,Gruinard Island,
里斯安斯基島,Lisianski Island,
泰梅爾島,Taymyr Island,
阿爾基島,Arkoi,
卡里亞固島,Carriacou Island,
阿兹阿克岛,Aziak Island,
巴塔拉島,Bathala,
巴西卢佐岛,Basiluzzo,
漂流岛,Castaway Cay,
倫格里島,Rangali,
傑貝勒阿里棕櫚島,Palm Jebel Ali,
聖基爾達島,St Kilda,
蛇岛,Snake Island,
基日島,Kizhi,
班克斯岛,Banks Island,
米洛斯岛,Milos,
北礁,Q814618,
蘇拉巖,Sula Sgeir,
国王岛,Kungsholmen,
惠爾島,Whale Island,
白金漢島,Buckingham Island,
博納卡島,Bonacca,
拉羅亞環礁,Raroia,
提克豪環礁,Tikehau,
溫德凱申島,Vindication Island,
陶埃雷環礁,Tauere,
博謝訥島,Beauchêne Island,
巴丹塔島,Batanta,
巴拉諾夫島,Baranof Island,
阿弗撒島,Avşa,
阿沃納克島,Avernakø,
阿韦斯岛,Isla Aves,
東斯島,Donsö,
科莫多島,Komodo,
錫盧埃特島,Silhouette Island,
阿爾斯島,Als,
斯凯岛,Skye,
維斯島,Vis,
埃尔斯米尔岛,Ellesmere Island,
沖大東島,Oki Daitō Island,
赖兴瑙岛,Reichenau Island,
博罗伊岛,Borðoy,
圣保罗岛,Île Saint-Paul,
圣基茨岛,Saint Kitts,
基西拉岛,Kythira,
小迪门岛,Lítla Dímun,
帕罗斯岛,Paros,
斯凯利格·迈克尔岛,Skellig Michael,
比奥科岛,Bioko,
羅科爾,Rockall,
萨索斯岛,Thasos,
科羅內申島,Coronation Island,
帕姆皮斯岛,Pampus,
凡尔赛岛日本庭园,île de Versailles,
奧尻島,Okushiri Island,
格克切島,Imbros,
羅芒島,Romang,
阿爾金,Arguin,
孔雀島,Pfaueninsel,
巴加巴格島,Bagabag,
巴瑟斯特岛 (北领地),Bathurst Island,
貝吉尼什島,Beginish Island,
福洛色島,Frösön,
玫瑰島共和國,Republic of Rose Island,
埃拉福尼索斯島,Elafonisos,
惡石島,Akusekijima,
夢之島,Yumenoshima,
弗兰格尔岛,Wrangel Island,
威廉王島,King William Island,
扎金索斯州,Zakynthos,
奇拉岛,Chira Island,
尼科巴群岛,Nicobar Islands,
欣島,Hinnøya,
维多利亚岛,Victoria Island,
萨摩斯岛,Samos,
东岛,Eysturoy,
埃利斯島,Ellis Island,
巴爾特拉島,Baltra Island,
彼得一世岛,Peter I Island,
萨莫色雷斯岛,Samothrace,
沃格岛,Vágar,
亨里埃塔島,Henrietta Island,
布爾什維克島,Bolshevik Island,
布洛頓島 (紐西蘭),"Broughton Island, New Zealand",
拉瓦赫雷環礁,Ravahere,
法亞爾島,Faial Island,
莫阿拉島,Moala Island,
韋爾德島,Werd,
希俄斯,Chios,
梅恩蘭島,Mainland,
別爾科夫斯基島,Belkovsky Island,
巴扎魯托島,Bazaruto Island,
比弗島 (密西根湖),Beaver Island,
格雷姆賽島,Graemsay,
錫里島,Sirri Island,
吉胆岛,Pulau Ketam,
巴克尔岛,Buckle Island,
布蘭島,Bulan Island,
維諾,Weno,
科尼島,"Coney Island, Bermuda",
永暑島,Fiery Cross Reef,
聖地牙哥島,Santiago,
三岛,Seoul Floating Island,
罗得岛,Rhodes,
厄尔巴岛,Elba,
松巴島,Sumba,
提諾島,Tino,
泰波托島,Tepoto,
兰佩杜萨岛,Lampedusa,
菲利普島,Phillip Island,
比弗島,Beaver Island,
巴都島,Badu Island,
康沃利斯岛,Cornwallis Island,
巴巴拉島,Barbara Island,
福阿島,Foa,
巴西兰岛,Basilan,
座间味岛,Zamami Island,
米尼科伊岛,Minicoy Island,
布干维尔岛,Bougainville Island,
鹭得岛,Nodeulseom,
北尤伊斯特岛,North Uist,
小青岛 (青岛),Xiao Qingdao,
默恩島,Møn,
布爾迪爾島,Buldir Island,
贊諾內島,Zannone,
西歸浦市,Seogwipo,
吉廖島,Giglio,
武尔卡诺岛,Vulcano,
威靈東島,Willingdon Island,
基度山,Montecristo,
羅亞爾島,Isle Royale,
巴韋安島,Q812044,
巴倫島,Barren Island,
哥得蘭島,Gotland,
坎達武島,Kadavu Island,
埃斯皮里圖桑托島,Isla Espíritu Santo,
奧羅納環礁,Orona,
新加坡岛,Pulau Ujong,
甘米银岛,Camiguin,
珍妮特島,Jeannette Island,
蝦夷地,Ezo,
麥基恩島,McKean Island,
諾諾烏蒂環礁,Nonouti,
雅米島,Mavudis,
穆赫雷斯岛,Isla Mujeres,
卡特島,Carter Island,
奧爾沃克斯島,Isla Holbox,
水納島,Minnajima,
伊茲拉島,Hydra,
喀帕苏斯岛,Karpathos,
茉莉亞島,Moorea,
班塔延島,Bantayan,
本尼特島,Bennett Island,
布顿岛,Buton,
科科島 (古巴),Cayo Coco,
馬格爾島,Magerøya,
聖十字島,Saint Croix Island,
南安普頓島,Southampton Island,
阿克塞尔海伯格岛,Axel Heiberg Island,
东南礁,Dongnanjiao,
奄美大島,Amami Ōshima,
庫里環礁,Kure Atoll,
詹姆斯羅斯島,James Ross Island,
馬歡島,Nanshan Island,
班島,Ban Island,
卡克斯島,Carcass Island,
卡尼島,Carney Island,
卡爾尼科巴島,Car Nicobar Island,
吉耶爾莫島,Cayo Guillermo,
吉澳,Kat O,
弗雷里安納島,Floreana Island,
魯阿普基島,Ruapuke Island,
珠澳口岸人工島,Q28796013,
雅蒲島,Yap,
安格尔西岛,Anglesey,
尼维斯,Nevis,
泰爾斯海靈島,Terschelling,
拉斯伯里島,Raspberry Island,
伊拉克利亞島,Irakleia,
羅利島,Rowley Island,
布里克島,Bleaker Island,
扎沃多夫斯基岛,Zavodovski Island,
東平洲,Tung Ping Chau,
费信岛,Flat Island,
奔巴岛,Pemba Island,
阿羅賴島,Arorae,
卡拉謝島,Carache,
巴特島 (阿拉斯加州),Barter Island,
两兄弟岛,Liangxiongdi Dao,
埃季島,Edgeøya,
瓦拉姆群島,Valaam,
由布島,Yubu Island,
霍爾木茲島,Hormuz Island,
巴盧安島,Baluan Island,
魯道夫島,Rudolf Island,
布桑加島,Busuanga Island,
平戶島,Hirado Island,
南島 (洪都拉斯),Cayo Sur,
卡瓦島 (奧克尼群島),"Cava, Orkney",
巴拉望島,Palawan Island,
惠靈頓島,Wellington Island,
弗利蘭島,Vlieland,
东北地岛,Nordaustlandet,
薩爾特島,Saltholm,
迪塞普遜島,Deception Island,
麦克坦岛,Mactan,
種子島,Tanegashima,
波努伊島,Ponui Island,
科特林島,Kotlin Island,
貝利哈密爾頓島,Baillie-Hamilton Island,
康韋礁,Conway Reef,
弗莱厄蒂岛,Flaherty Island,
卡內薩島,Carnaza,
南鸟岛,Minamitorishima,
喬基島,"Chalky Island, New Zealand",
尼庫瑙島,Nikunau,
尼庫馬羅羅環礁,Nikumaroro,
昌古島,Changuu,
田代岛,Tashiro-jima,
艾斯潘諾拉島,Española Island,
蒙庫林礁,Munkurin,
若霍夫島,Zhokhov Island,
美济礁,Mischief Reef,
阿馬克島,Umak Island,
帕島,Pag,
羅斯島,Ross Island,
南岛,Suðuroy,
巴姆島,Q805915,
貝克島 (緬因州),Baker Island,
漢斯島,Hans Island,
伯納雷島,Berneray,
楚爾島,Thurø,
波照間島,Hateruma Island,
馬歇爾島,"Marshall's Island, Bermuda",
马诺诺岛,Manono Island,
利丹島,Lyddan Island,
托尔托拉岛,Tortola,
比休島,Betio,
貝羅納島,Bellona Island,
贝勒岛,Belle Île,
西爾納島,Syrna (island),
南钥岛,Loaita Island,
斯諾希爾島,Snow Hill Island,
八丈小島,Hachijō-kojima,
卡地爾島,Cartier Island,
拉戈島,Cayo Largo del Sur,
拉瓦基環礁,Rawaki Island,
新喬治亞島,New Georgia,
福利島,Foley Island,
考克島,Caye Caulker,
終端島,Terminal Island,
蘇爾塞里島,Gogland,
鐵布卡,Tepuka,
昌普島,Champ Island,
斑鳩島,Ilhéu das Rolas,
謝丹卡島,Sedanka Island,
鹽田仔,Yim Tin Tsai,
阿布穆萨岛,Abu Musa,
馬灣,Ma Wan,
阿莫爾戈斯島,Amorgos,
阿默蘭島,Ameland,
威尔士亲王岛,Prince of Wales Island,
多良間島,Tarama island,
拉魯島,Lalu Island,
漢諾威島,Hanover Island,
羅地島,Rote Island,
賈普坦島,Jabat Island,
貝殼島,Q840599,
巴爾塔島,"Balta, Shetland",
別林斯高晉島,Bellingshausen Island,
南尤伊斯特岛,South Uist,
幌筵岛,Paramushir,
贝斯博洛岛,Besboro Island,
博島 (小貝爾特海峽),Bågø,
北子岛,Northeast Cay,
法羅島,Fårö,
鸿庥岛,Namyit Island,
卡特島,Cat Island,
洲仔,Chau Tsai,
橫瀾島,Waglan Island,
西比路島,Siberut,
鹿島 (新布藍茲維),Deer Island,
內克爾島,Necker Island,
聖帕特里克島,St Patrick's Island,
温祢古丹岛,Onekotan,
奇恰戈夫島,Chichagof Island,
春牟古丹島,Kharimkotan,
聖伊拉斯莫島,Sant'Erasmo,
聖格古爾島,Sveti Grgur,
越渇磨島,Ekarma,
中之島,Nakanoshima,
聖靈島,Whitsunday Island,
波利艾戈斯島,Polyaigos,
羅卡帕蒂達島,Roca Partida,
諾曼比島,Normanby Island,
中岛,"Middle Island, Tristan da Cunha",
拉斯科拉島,Q848263,
莫皮蒂島,Maupiti,
坎波贝洛岛,Campobello Island,
丹傑島,Danger Island,
皮亞諾薩島,Pianosa,
卡斯特洛里佐島,Kastelorizo,
大迪门岛,Stóra Dímun,
斯基罗斯岛,Skyros,
卡拉克隆島,Karakelong,
呂策勞島,Lützelau,
嘉彌真島,Kayamajima,
宮古島,Miyako Island,
小卡伊島,Pulau Kei Kecil,
特納倫加環礁,Tenarunga,
聖彼得島,St. Petersinsel,
來間島,Kurima Island,
喜界島,Kikai Island,
金塘岛,Jintang Island,
占守岛,Shumshu,
东伦内尔岛,East Rennell,
國後島,Kunashir Island,
大小磨刀,"The Brothers (islands), Hong Kong",
孝子角排,Hau Tsz Kok Pai,
长滩岛,Boracay,
克利爾島,Cape Clear Island,
伊豆大島,Izu Ōshima,
平塔島,Pinta Island,
曼昂島,Manaung Island,
民都洛,Mindoro,
施瓦瑙島,Schwanau,
格莫爾達島,Camorta,
聖克魯茲島,Santa Cruz Island,
查爾斯島 (努納福特),Charles Island,
普林西比岛,Príncipe,
阿邁厄島,Amager,
希望島,Hopen,
鸟岛,Fugloy,
拉吉德岛,Ragged Island,
鳩間島,Hatoma,
與路島,Yoroshima,
請島,Ukeshima,
马菲亚岛,Mafia Island,
查爾斯王子島,Prince Charles Island,
尼華島,Nihoa,
坎德爾默斯島,Candlemas Island,
路環,Coloane,
鼓浪屿,Gulangyu,
斯托爾博沃伊島,Stolbovoy Island,
沙美岛,Ko Samet,
父岛,Chichi-jima,
科爾皮諾島,Kolpina Island,
色丹島,Shikotan,
斯希蒙尼克島,Schiermonnikoog,
托尔蒂岛,Tortuga,
加羅韋島,Q688799,
桑岛,Sandoy,
皮庫島,Pico Island,
船岛,Skeppsholmen,
帕岸島,Ko Pha Ngan,
聖斯特凡島,Sveti Stefan,
希辛延島,Hisingen,
卡萊爾島,Carlisle Island,
比亞克島,Biak,
鴉洲,A Chau,
邦蓋島,Banggai,
雹暴島,Hailstorm Island,
中洲礁,Zhongzhou Reef,
大神島,Ōgami Island,
小濱島,Kohama Island,
池間島,Ikema Island,
海礁岛,Haijiao,
烏離島,Ubanarijima,
石垣島,Ishigaki Island,
聖伊莎貝爾島,Santa Isabel Island,
蘭嶼,Orchid Island,
馬基拉島,Makira,
氹仔,Taipa,
巴倫角島,Cape Barren Island,
瓜達盧普島,Guadalupe Island,
聖約翰島 (國王湖),Christlieger,
鴨洲白墩排,Ap Chau Pak Tun Pai,
拉代西拉德岛,La Désirade,
羅沙島,Roxa,
沙爾科島,Charcot Island,
奇西島,Chisi Island,
威德尔岛,Weddell Island,
伊吉金島,Igitkin Island,
大百慕達島,"Great Bermuda, Bermuda",
大马南岛,Grand Manan Island,
明古萊島,Mingulay,
莱特岛,Leyte,
坎加鲁岛,Kangaroo Island,
伊卡利亚岛,Icaria,
科尔特岛,Koltur,
聖米格爾島,São Miguel island,
動物園島,Djurgården,
聖米凱萊島,San Michele,
初島,Hatsushima,
太平島,Taiping Island,
法岛,Farø,
加計呂麻島,Kakeromajima,
耶莫島,Jemo Island,
奇斯曼島,Cheeseman Island,
圣萨尔瓦多岛,San Salvador Island,
沃兹罗日杰尼耶岛,Vozrozhdeniya island,
三宅島,Miyakejima,
城堡岛,Kastellholmen,
普拉夫尼克島,Plavnik,
焦拉島,Chowra Island,
維瓦拉島,Vivara,
赤鱲角,Chek Lap Kok,
阿拉莫德島,Alamode Island,
格林島,Q691701,
卡尔斯岛,Kalsoy,
赫馬島,Heimaey,
马岛,Hestur,
愛爾蘭島,Ireland Island,
亞恩島,Hjarnø,
博拉戴勒島,Borradaile Island,
德之島,Toku-no-shima,
水納島,Minna Island,
萊斯島,Læsø,
黑島,Kuro island,
彭佳嶼,Pengjia Islet,
卡普雷拉島,Caprera,
圣卡塔利娜岛,Santa Catalina Island,
聖瑪麗亞島,Q848240,
刘公岛,Liugong Island,
博阿茲島,Boaz Island,
卡菲克卢本岛,Kaffeklubben Island,
利文斯頓島,Livingston Island,
大鴉洲,Tai A Chau,
新普罗维登斯岛,New Providence,
列昂季耶夫島,Q1112718,
克拉里翁岛,Clarion Island,
倫敦德里島,Londonderry Island,
安波沙洲,Amboyna Cay,
实龙岗岛,Pulau Serangoon,
帕武武島,Pavuvu,
苏东岛,Pulau Sudong,
科提斯島 (加拿大),Cortes Island,
伊尼沙克島,Inishark,
七島群島,Sjuøyane,
哈德瑟爾島,Hadseløya,
呂島,Lyø,
小塔納加島,Little Tanaga Island,
格里姆賽島 (蘇格蘭),Grimsay,
納爾遜島,Nelsons Island,
長島,Dugi otok,
畢曉普斯島,Q866346,
法爾斯特島,Falster,
四標桿島,Q1112709,
安德烈耶夫島,Q1112689,
雷索夫島,Q1112725,
赫里西島,Chrysi,
哈利法克斯島,Q1569725,
特林達迪島,Trindade,
伍迪島,Woody Island,
克拉倫斯島 (南極洲),Clarence Island,
傑克遜島,Jackson Island,
木岛,Viðoy,
锡罗斯岛,Syros,
乔治王岛,King George Island,
阿西納拉島,Asinara,
安乐岛,Pulau Senang,
钓鱼岛,Uotsuri-shima,
馬丁加西亞島,Martín García Island,
达山岛,Dashandao,
切爾托薩島,La Certosa,
英达岛,Pulau Indah,
帕帕斯朵爾,Papa Stour,
赫舍爾島,Herschel Island,
邦咯岛,Pangkor Island,
平潭岛,Pingtan Island,
科爾德威島,Koldewey Island,
科科岛,Coco Island,
白岛,Kvitøya,
貝爾島,Belle Isle,
米基內斯島,Mykines,
乌曼茨,Ummanz,
加夫多斯岛,Gavdos,
博茲賈島,Bozcaada,
埃勒夫靈內斯島,Ellef Ringnes Island,
尤日內島,Yuzhny Island,
御台場,Odaiba,
薩姆索島,Samsø,
阿倫島,Isle of Arran,
锡弗诺斯岛,Sifnos,
辛克萊爾島,Q1569634,
龍德島,Île Ronde,
泰拜爾蓋島,Tabarca,
卡梅倫島,Cameron Island,
大地離島,Daichibanarijima,
鳩離島,Hatopanarijima,
奧蘭戈群島,Olango Island Group,
大马尔维纳岛,West Falkland,
小尼科巴爾島,Little Nicobar Island,
拉爾斯島,Larsøya,
聖克里斯托巴爾島,San Cristóbal Island,
賴阿特阿島,Raiatea,
麻菜珩,Macaiheng,
塞貝西島,Sebesi,
斯塔羅卡多姆斯基島,Starokadomsky Island,
杨信沙洲,Lankiam Cay,
毛广岛,Pulau Bukom,
哈格邁斯特島,Hagemeister Island,
大坎布雷島,Great Cumbrae,
勞賽島,Rousay,
外斯凱里斯群島,Out Skerries,
昂索國家公園,Ängsö National Park,
施托尔滕霍夫岛,Stoltenhoff Island,
薩默塞特島,"Somerset Island, Bermuda",
凱阿島,Kea,
聖約翰島,Saint John,
得撫島,Urup,
比格島 (哈得遜海峽),Big Island,
石鼓洲,Shek Kwu Chau,
索默塞特岛,Somerset Island,
克列斯托夫島,Q1112650,
普什卡廖夫島,Q1112677,
別克斯島,Vieques,
龜山島,Guishan Island,
口永良部島,Kuchinoerabu Island,
松布雷羅島,"Sombrero, Anguilla",
石巴迪島,Sebatik Island,
畢曉普巖,"Bishop Rock, Isles of Scilly",
克萊爾島,Clare Island,
拉博島,Rabot Island,
楚古爾島,Chugul Island,
楚吉纳达克岛,Chuginadak Island,
海南岛,Hainan Dao,
瓜雷略島,Guarello Island,
格蘭島,Glænø,
莫爾若韋茨島,Morzhovets Island,
馬亞瓜納島,Mayaguana,
安迪基西拉岛,Antikythera,
姆列特島,Mljet,
内格罗斯岛,Negros,
弗洛雷斯島,Flores Island,
帕特里克王子岛,Prince Patrick Island,
昆岛,Kunoy,
斯科派洛斯島,Skopelos,
特塞拉島,Terceira Island,
科尔古耶夫岛,Kolguyev Island,
波羅斯島,Poros,
下地島,Shimoji island,
大膽島,Dadan Island,
赤離島,Akapanarijima,
安诺本岛,Annobón Island,
巴罗岛,Barrow Island,
利連索爾島,Lilienthal Island,
喀里多尼亚岛,Caledonia Island,
大開曼,Grand Cayman,
薩贊島,Sazan Island,
大巴哈马岛,Grand Bahama,
大南角島,Taukihepa / Big South Cape Island,
普拉特島,Île Plate,
普拉特島,Prat Island,
岡納斯科因島,Q1554833,
里馬塔拉島,Rimatara,
克里斯島,Chryse Island,
周防大島,Suo Ōshima,
沃特金斯島,Watkins Island,
小泰梅爾島,Maly Taymyr Island,
布星岛,Pulau Busing,
克洛伊德島,Cloyd Island,
格蘭特島,Grant Island,
卡美尼島,Nea Kameni,
塔加拉克島,Tagalak Island,
格里姆赛岛,Grímsey,
福萊甘茲羅斯島,Folegandros,
蒂诺斯岛,Tinos,
川平灣小島,Kabirawankujima Island,
硫磺島,Iōjima,
帕克西岛,Paxi,
溫克島,Wiencke Island,
阿斯克島,Askø,
雷普洛特島,Replot,
朗德島,Round Island,
弗林特島,Flint Island,
椰子島 (昆士蘭州),Coconut Island,
洛普德島,Lopud,
斯坦帕利亞島,Astypalaia,
奧蘭古島,Orango,
珀倫島,Peleng,
霍洛島,Jolo,
南馬爾姆區,Södermalm,
基斯諾斯島,Kythnos,
白浪島,Brownsea Island,
蓋爾賽島,Gairsay,
阿瓦塔納克島,Avatanak Island,
博布羅夫島,Bobrof Island,
蒂蔻皮亞島,Tikopia,
努烏盧瓦島,Nu'ulua,
奧雷島,Aore Island,
小奧蘭古島,Orangozinho,
烏伊哈島,ʻUiha,
哈阿諾島,Haʻano,
拉斯林島,Rathlin Island,
阿洛菲島,Alofi Island,
阿爾卡特拉濟斯島,Ilha de Alcatrazes,
小安達曼島,Little Andaman,
大科勒韋島,Store Koldewey,
聖佩德羅諾拉斯科島,San Pedro Nolasco Island,
特里尼蒂島,Trinity Island,
金银岛,Money Island,
科伊瓦島,Coiba,
與那國島,Yonaguni island,
克盧普斯科伊島,Q1113298,
霍恩島,Q1122887,
莫索島,Moso,
西摩島,Seymour Island,
特雷爾島,Traill Island,
舒瓦瑟爾島,Choiseul Island,
佐科斯島,Dokos,
科切島,Coche Island,
科堡島 (伊麗莎白女王群島),Coburg Island,
伊茲島,Iž,
契卡洛夫島,Chkalov Island,
庫瓦瓜島,Cubagua,
望加麗島,Bengkalis island,
皮克洛特島,Pikelot,
霍西森島,Hoseason Island,
馬普島,Maap,
馬更些王島,Mackenzie King Island,
加利尼亞斯島,Galinhas,
拉農加島,Ranongga,
漢密爾頓島,Hamilton Island,
烏佩尼維克島,Upernivik Island,
北巴蓋島,North Pagai,
巴瑟斯特岛,Bathurst Island,
迪亞島,Dia,
因尤格島,Q1121315,
西科拉島,Q1116638,
圣淘沙,Sentosa,
菲爾夫拉島,Filfla,
埃羅芒阿島,Erromango,
图拉吉岛,Tulagi,
布塔里塔里環礁,Butaritari,
新西伯利亚岛,New Siberia,
茹安維爾島,Joinville Island,
凱恩島,Q1582843,
庫恩島,Q1583198,
斯托利奇卡島,Q1582439,
伊特格蘭島,Yttygran Island,
列伊基納島,Leykina Island,
大尚塔爾島,Bolshoy Shantar Island,
泰蒙島,Temwen Island,
阿拉基島,Araki Island,
迪西島,Ducie Island,
錫普爾島,Siple Island,
伊努塞斯島,Oinousses,
白龍尾島,Bach Long Vi,
嚴島,Itsukushima,
索爾茲伯里島,Salisbury Island,
半月島,Half Moon Island,
俄林島,Ohlin Island,
南巴蓋島,South Pagai,
漢達島,"Handa, Scotland",
霍爾島,Hall Island,
印度礁,Bassas da India,
塞里福斯島,Serifos,
新爱尔兰岛,New Ireland,
謝韋爾內島,Severny Island,
阿納菲島,Anafi,
塔沃加岛,Taboga Island,
康塞普申島,"Conception Island, Seychelles",
尤加馬克島,Ugamak Island,
阿桑普申島,Assumption Island,
辯天島,Benten-jima,
西山,Xidongting Shan,
聖瑪麗亞島,Santa Maria Island,
大別吉切夫島,Bolshoy Begichev Island,
韋爾霍圖羅夫島,Q1106053,
克拉弗靈島,Clavering Island,
科克本島 (南極洲),Cockburn Island,
科克本島 (安大略省),Cockburn Island,
納木瓦島,Namua,
聖卡羅里納島,Santa Carolina,
泰特帕雷島,Tetepare Island,
豪環礁,Hao,
伊尼什特克島,Inishturk,
內伶仃島,Nei Lingding Island,
奎里尼島,Querini Island,
巴拉湾岛,Pulau Palawan,
聖何塞島,Isla San José,
莫宁顿岛,Mornington Island,
蒙巴薩島,Mombasa Island,
雷索盧申島,Resolution Island,
雪島,Snow Island,
索厄島,Soay,
安霍爾特島,Anholt,
拉斯托沃島,Lastovo,
斯温岛,Svínoy,
沃洛索維恰島,Q1124396,
格雷特島,Great Island,
松索羅爾,Sonsorol,
皮特島,Pitt Island,
伊萬諾夫島,Q1582867,
可可島 (關島),Cocos Island,
拉島,Ra,
斯韋德魯普島,Sverdrup Island,
博登島,Borden Island,
基什岛,Kish Island,
擇捉島,Iturup,
霍爾島 (阿拉斯加州),Hall Island,
烏格連島,Ugljan,
列伊涅克島,Reyneke Island,
庫福尼西島,"Koufonisi, Crete",
布卡島,Buka Island,
科平賽島,Copinsay,
科隆島,Colón Island,
肯羅南,Kilronan,
卡爾王地群島,Kong Karls Land,
吉佐島,Ghizo Island,
瑞典島,Svenskøya,
梅恩島,Mayne Island,
五月島,Isle of May,
亞羅克島,Yarok Island,
彼得格勒岛,Petrogradsky Island,
梅里格島,Merig,
霍斯舒島,Q1628997,
赫勒爾德島,Herald Island,
哈夫洛克島,Havelock Island,
阿恩島,Arnøya,
卡蒂烏環礁,Katiu,
普爾維奇島,Prvić,
马埃岛,Mahé,
昂儒昂岛,Anjouan,
魯魯圖島,Rurutu,
比約克島,Björkö,
帕爾瑪利亞島,Palmaria,
丕林岛,Perim,
斯温斯岛,Swains Island,
庫里亞島,Kuria,
伊奧斯島,Ios,
安汶岛,Ambon Island,
索特拉島,Sotra,
博伊布朗克島 (密西根州),Bois Blanc Island,
納蒂維達島,Isla Natividad,
馬孔艾島,Makogai,
不來梅島,Bremen Island,
克羅克島 (北領地),Croker Island,
巴伯尔图阿普岛,Babeldaob,
提內托島,Tinetto,
菲利庫迪島,Filicudi,
阿图岛,Attu Island,
阿特卡島,Atka Island,
阿蒂烏島,Atiu,
阿賴度島,Atlasov Island,
阿爾沃蘭島,Isla de Alborán,
耶巴布宜納島,Yerba Buena Island,
博戈斯洛夫島,Bogoslof Island,
布蘭普頓島,Brampton Island,
林卡岛,Rinca,
庫克島 (南桑威奇群島),"Cook Island, South Sandwich Islands",
巴西漢島,Pacijan,
科隆島 (菲律賓),Coron Island,
维尔京戈尔达岛,Virgin Gorda,
舍子古丹島,Shiashkotan,
蒂布龍島,Tiburón Island,
薩里甘島,Sarigan,
鴿子島,Pidgeon Island,
海斯島,Heiss Island,
霍金斯島,"Hawkins Island, Bermuda",
基米托島,Kimito island,
赫雷赫雷圖埃環礁,Hereheretue,
維爾島,Vir,
龍布陵島,Lembata,
博島,Bogø,
伊柳塞拉岛,Eleuthera,
加布艾萊西島,Garbh Eileach,
十月革命岛,October Revolution Island,
安提帕羅斯島,Antiparos,
大尼科巴島,Great Nicobar Island,
尼豪島,Niihau,
阿伊圖塔基,Aitutaki,
魔鬼岛,Cayenne's Prison,
齊格勒島,Ziegler Island,
普羅克勒梅申島,Proclamation Island,
奧克蘭島,Auckland Island,
本貝丘拉島,Benbecula,
蘭比島,Rabi Island,
怀希基岛,Waiheke Island,
泰拉伊納島,Teraina,
馬拉凱環礁,Marakei,
斯特凡松島,Stefansson Island,
卡拉金斯克島,Karaginsky Island,
小开曼,Little Cayman,
大德爾韋尼克島,Drvenik Veliki,
圖武卡島,Tuvuca,
馬納莫克島,Manamoc,
海瑟爾島,Hesselø,
考庫拉環礁,Kaukura,
托奧環礁,Toau,
斯塔茨島,Staats Island,
鮑曼島,Bowman Island,
尼西羅斯島,Nisyros,
中安達曼島,Middle Andaman,
圣多美岛,São Tomé Island,
多樂島,Polonskogo,
布洛克島,Block Island,
荷蘭鳥島,Q1624718,
福德島,Ford Island,
聖若熱島,São Jorge Island,
安斯特島,Unst,
涠洲岛,Weizhou Island,
阿斯托夫島,Astove Island,
阿瓦島,Aua Island,
阿陶羅島,Atauro Island,
布盧普布盧普島,Blup Blup,
比舍沃島,Biševo,
玻古島 (昆士蘭州),Boigu Island,
巖流島,Ganryū-jima,
加雅島,Pulau Gaya,
克魯克德島 (巴哈馬),Crooked Island,
哈雷德島,Hareidlandet,
兔子岛,Zayachy Island,
海曼島,Hayman Island,
派耶爾島,Payer Island,
卡胡拉威島,Kahoolawe,
特罗姆兰岛,Tromelin Island,
春苅島,Q904882,
倫吉拉環礁,Rangiroa,
斯卡巴島,Scarba,
科里斯科岛,Corisco,
皮納基環礁,Pinaki,
西普拉島,Sipura,
錫基諾斯島,Sikinos,
寶雲島,Bowen Island,
布萊克島 (羅斯群島),Black Island,
普雷夫拉卡島,Prevlaka Island,
蒂加爾達島,Tigalda Island,
蒂洛斯島,Tilos,
骑士岛,Riddarholmen,
阿洛島,Alor,
庫佛維爾島,Cuverville Island,
比特島,Isle of Bute,
王島,Kongsøya,
納瓦里諾島,Navarino Island,
維拉拉維拉島,Vella Lavella,
穆紹島,Mussau Island,
薩帕魯阿島,Saparua,
墨爾本島,Melbourne Island,
奧爾島,Orø,
普羅維登西亞萊斯島,Providenciales,
霍蒙洪島,Homonhon,
聖伊萬島,St. Ivan Island,
竹島,Ko Phai,
巴拉岛,Barra,
薩馬島,Samar,
西比里亞科夫島,Sibiryakov Island,
法圖烏庫島,Fatu Huku,
格雷厄姆島,Graham Island,
博恩霍姆島,Bornholm,
因特維尤島,Interview Island,
奧爾洪島,Olkhon Island,
马尔佩洛岛,Malpelo Island,
志發島,Q904898,
布拉班特島,Brabant Island,
聖彼得羅島,San Pietro Island,
馬亞納環礁,Maiana,
塔韋烏尼島,Taveuni,
小伊納瓜島,Little Inagua,
托里島,Tory Island,
瓦倫西亞島,Valentia Island,
蓬扎島,Ponza,
霍伊島,Hoy,
布里斯托島,Q917993,
格什姆岛,Qeshm,
伊查博島,Q1656369,
史賓納隆加島,Spinalonga,
斯卡爾佩島,"Scalpay, Outer Hebrides",
奧斯特法島,Austvågøy,
斯希努薩島,Schoinoussa,
薩里亞島,Saria Island,
尤拉克島,Ulak Island,
科紐吉島,Koniuji Island,
霍恩洛厄島,Gogenloe Island,
布加拉島,Bugala Island,
莫皮哈環礁,Maupihaa,
御藏島,Mikura-jima,
尼皮恩岛,Nepean Island,
瓦圖萊萊島,Vatulele,
水晶島,Q904438,
莫圖塔普島,Motutapu Island,
祖拜爾群島,Zubair Group,
祖卡島,Zuqar Island,
巴布達島,Barbuda,
格雷岛,Gorée,
基爾比島,Kilby Island,
莫伊島,Moe Island,
沃爾夫島,Wolf Island,
奧斯凱里島,Auskerry,
拉穆島,Lamu Island,
聖豪爾赫島,San Jorge Island,
費爾島,Fair Isle,
太阳岛,Q1960102,
欧伐劳岛,Ovalau,
布蘭斯菲爾島,Bransfield Island,
卡馬諾島,Camano Island,
基莫洛斯島,Kimolos,
布里奇曼島,Bridgeman Island,
尼西奧皮島,Nisiopi,
德賓島,Derbin Island,
馬爾多尼赫島,Muldoanich,
聖迭戈島,Isla Santa Cruz,
峇蘭巴雁島,Balambangan Island,
柯蒂斯島,"Curtis Island, New Zealand",
波維利亞,Poveglia,
艾翁島,Ayon Island,
達恩利島,Darnley Island,
黑瞎子岛,Bolshoy Ussuriysky Island,
海德利斯島,Hellisey,
伊博島,"Ibo, Mozambique",
維也納新城島,Wiener Neustadt Island,
蒂尼亞雷島,Ilha de Tinharé,
阿明岩,Stac an Armin,
高龙岛,Koh Rong,
大科摩罗岛,Grande Comore,
厄兰岛,Öland,
拉奧奇拉島,La Orchila,
霍爾蒂恰島,Khortytsia,
普斯托伊島,Pustoi Island,
布里斯托爾島,Bristol Island,
威爾士親王島,Prince of Wales Island,
維利基茨基島,Vilkitsky Island,
城堡岛,Slotsholmen,
布比延岛,Bubiyan Island,
民丹島,Bintan Island,
布雷島,Bray Island,
伊拉克島,Ilak Island,
伊纳克塞瑟布尔岛,Inaccessible Island,
佩德羅淺灘,Pedro Bank,
哈爾基島,Halki,
奧埃諾島,Oeno Island,
東凱科斯島,East Caicos,
波瓦島,Poa Island,
魯托克島,Rootok Island,
烏戈利內耶科皮島,Q1653416,
伊亞羅斯島,Gyaros,
多爾島,Dall Island,
扬岛,Young Island,
斯特奇岛,Sturge Island,
馬切納島,Marchena Island,
尼西達島,Nisida,
平松島,Pinzón Island,
格拉姆武薩群島,Gramvousa,
欣森島,"Hinson's Island, Bermuda",
楠考里島,Nancowry Island,
象岛,Ko Chang,
新胡安岛,Juan de Nova Island,
菲萊,Philae,
埃法特岛,Efate,
烏姆納克島,Umnak,
金銀島,Treasure Island,
刁曼岛,Tioman Island,
香農島,Shannon Island,
霍爾島,Holl Island,
奥努乌岛,Aunu'u,
北羅納島,North Rona,
戈洛米揚內島,Q913806,
哈尔克岛,Kharg Island,
圣灵岛,Helgeandsholmen,
彭德島,Pender Island,
代爾塞島,Darsah,
希瓦瓦島,Hiva-Oa,
少先队员岛,Pioneer Island,
弗林德斯岛,Flinders Island,
馬斯巴特島,Masbate Island,
聖佩德羅馬蒂爾島,Q1145547,
北硫磺島,North Iwo To,
費姆島,Femø,
托比島,Tobi,
希烏島,Hiw Island,
耶爾姆島,Hjelm,
羅阿諾克島,Roanoke Island,
莫查島,Mocha Island,
農福爾島,Numfor,
聖馬修島,St. Matthew Island,
紐島,New Island,
屋久島,Yakushima,
庫萊布拉島,Culebra,
莫斯島,Mors,
聖弗朗西斯科島,Isla San Francisco,
法爾島,Fire Island,
弗格森島,Fergusson Island,
須美壽島,Smith Island,
亞布卡島,Jabuka,
紐阿托普塔普島,Niuatoputapu,
韋拉島,Vaila,
勞里島,Laurie Island,
伊尔德桑,île de Sein,
罗卡斯环礁,Rocas Atoll,
梅迪尼利亞島,Farallon de Medinilla,
磁岛,Magnetic Island,
久米島,Kume Island,
槟榔屿,Penang Island,
奧列尼島,Oleniy Island,
特莫埃環礁,Temoe,
羅維特島,Rowett Island,
鐵法拉,Tefala,
利蘭島,Liran,
渡嘉敷島,Tokashiki Island,
赫爾斯島,Hjörsey,
達雷爾島,Darrell's Island,
007島,Khao Phing Kan,
伊吉威島,Idjwi,
科布羅爾島,Kobroor,
維索科伊島,Visokoi Island,
尼希魯環礁,Nihiru,
格里利島,Greely Island,
納孔達姆島,Narcondam Island,
利多,Lido di Venezia,
萨列马岛,Saaremaa,
多爾吉島,Dolgy Island,
達爾馬島,Dalma,
努烏泰雷島,Nu'utele,
汀姆島,Diogo Island,
蘭格爾島,Wrangell Island,
德賴島,Drejø,
聖馬科斯島,"San Marcos, Baja California Sur",
連尼尼華撤拉島,René-Levasseur Island,
西巴拉島,West Burra,
聖喬治島 (阿拉斯加州),St. George Island,
克羅斯港,Port-Cros,
愛爾蘭眼睛島,Ireland's Eye,
瓦漢加環礁,Vahanga,
聖羅莎島,Santa Rosa Island,
內克瑟爾島,Nekselø,
嫩奧嫩奧環礁,Nengonengo,
錫爾島,"Seal Island, South Africa",
沃斯托奇內島,Q953668,
塔塔科托環礁,Tatakoto,
歐米加島,Omega Island,
港灣人工島,Port Island,
約克公爵島 (巴布亞新畿內亞),Duke of York Island,
格賴恩德島,Grinder Island,
梅德內島,Medny Island,
滘西洲,Kau Sai Chau,
久米鳥島,Torishima,
巴雷島,Burray,
施密特島,Schmidt Island,
小廷奧薩島,Tinhosa Pequena,
米爾恩地,Milne Land,
南普拉薩島,South Plaza Island,
德塞切奧島,Desecheo Island,
達瓦爾島,Davaar Island,
德克哈托格島,Dirk Hartog Island,
杜默島,Doumer Island,
馬塔卡納島,Matakana Island,
卡萊羅島,Isla Calero,
塞古拉島,Segula Island,
武武盧島,Wuvulu Island,
特瓜島,Tegua,
斯塔法岛,Staffa,
布魯島,Buru,
默瑟島,Mercer Island,
拉特蘭島,Rutland Island,
莫塔島,Mota,
德里加爾斯基島,Drygalski Island,
硫磺鳥島,Io-Torishima,
貝基亞島,Bequia,
薩卡爾島,Sakar Island,
乌波卢岛,Upolu,
卡瓦拉蒂,Kavaratti,
埃貝爾島,Æbelø,
鴨洲,Ap Chau,
班慕島,Mbamu,
科爾武島,Corvo Island,
迪加岛,Pulau Tiga,
魯帕島,Rupat,
多林島,Dolin,
南丫島,Lamma Island,
恩迪拉維島,Endelave,
秋勇留島,Anuchina,
錫特卡利達克島,Sitkalidak Island,
利奇菲爾德島,Litchfield Island,
奧梅特佩島,Ometepe,
科德菲什島,Codfish Island,
聖伊內斯島,Santa Inés Island,
德塔耶島,Detaille Island,
塞拉纳浅滩,Serranilla Bank,
小代奧米德島,Little Diomede Island,
巴霍努埃沃礁,Bajo Nuevo Bank,
烏拉瓦島,Ulawa Island,
錫奧島,Siau Island,
尼奧環礁,Niau,
帕金環礁,Pakin Atoll,
維爾切克島,Wilczek Island,
馬穆拉島,Mamula,
苏梅岛,Ko Samui,
钻石岩,Diamond Rock,
共青团员岛,Komsomolets Island,
延坪岛,Yeonpyeong,
莫埃利島,Mohéli,
利斯莫爾島,Lismore,
基韋斯特島,Key West,
塞尼亞島,Senja,
伊斯特島,Ist,
伊尼什特拉哈爾島,Inishtrahull Island,
法老王島,Pharaoh's Island,
馬莫特島,Marmot Island,
蘇亞雷斯島,Isla Suárez,
索伊薩洛,Soisalo,
莫奧塔尼島,Mohotani,
马尔马拉岛,Marmara Island,
奥提伽岛,Ortygia,
加夫佐普拉島,Gavdopoula,
大衛杜夫島,Davidof Island,
小斯特龍博利島,Strombolicchio,
迪斯科岛,Disko Island,
多布島,Dobu Island,
卡納塞阿島,Kanacea,
巴東島,Padang Island,
斯韋塔茨島,Svetac,
因奇科姆島,Inchcolm,
塔卡羅阿環礁,Takaroa,
倫邦岸島,Nusa Lembongan,
奧卡斯島,Orcas Island,
巴德西島,Bardsey Island,
帕拉瓦環礁,Paraoa,
新漢諾威島,New Hanover Island,
戈納夫島,Gonâve Island,
通格島,Q926063,
穆泰爾島,Murter,
羅塔島,Rota,
富拉島,Foula,
塔馬納島,"Tamana, Kiribati",
戈爾瑞-歐文弗雷克,Goeree-Overflakkee,
班加拉姆環礁,Bingaram Island,
伊烏拉島,Gioura,
旺烏努島,Vangunu,
北森蒂納爾島,North Sentinel Island,
因卡伊洛奇島,Inchcailloch,
亞薩塔島,Yacata,
摩洛基尼島,Molokini,
瑪麗亞馬格達萊納島,Isla María Magdalena,
迪克森島,Dikson Island,
西邁納島,Thymaina,
昂爾茲烏島,Q1984239,
難達島,Inaccessible Island,
伊尼什默里島,Inishmurray,
蒙塞拉特島 (墨西哥),Isla Monserrate,
諾穆卡島,Nomuka,
扎維亞洛瓦島,Zavyalov Island,
奧爾島,Årø,
埃馬埃島,Emae,
图图伊拉岛,Tutuila,
大納土納島,Natuna Besar,
巴纳巴岛,Banaba Island,
霍夫高島,Hovgaard Island,
布羅什島,Q954677,
帕帕韋斯特雷島,Papa Westray,
法爾馬科尼西島,Farmakonisi,
科雷希多岛,Corregidor,
舒亞克島,Shuyak Island,
阿福格納克島,Afognak,
蘇沙茨島,Sušac,
亨多拉比島,Hendurabi,
拉特曼諾夫島,Big Diomede,
納布永戈島,Nabuyongo Island,
謝拉島,Sierra Island,
象岛 (南极洲),Elephant Island,
聖卡塔琳娜島,Santa Catarina Island,
鄧克島,Dunk Island,
鄧迪島,Dundee Island,
維加島,Vega Island,
伊迪島,Eday,
哈拉伊基環礁,Haraiki,
索厄島,"Soay, Skye",
馬爾塔納島,Q1674451,
大火地岛,Isla Grande de Tierra del Fuego,
奇里科夫島,Chirikof Island,
塞納菲爾島,Sanafir Island,
阿杜加克島,Adugak Island,
克拉島,Kelaa,
奧梅島,Omey Island,
拉拉卡環礁,Raraka,
雷卡雷卡環礁,Rekareka,
雷托魯環礁,Reitoru,
納爾遜島,Nelson Island,
托爾薩島,Torsa,
塞爾夫島 (毛里裘斯),Île aux Cerfs,
耶穌島,Île Jésus,
阿歷山大島,Alexander Island,
薩拉瓦蒂島,Salawati,
聖克拉拉島,Santa Clara Island,
彭特科斯特岛,Pentecost Island,
總督島,Governors Island,
圖帕伊島,Tupai,
耶因島,Jegindø,
比森蒂納島,Q1674445,
江之島,Enoshima,
奇力島,Kellett Island,
拉姆島,Rùm,
亨賈姆島,Hengam Island,
埃奧島,Eiao,
斯法克蒂里亚,Sphacteria,
迪維爾島 (南極洲),"D'Urville Island, Antarctica",
尤島,Isle of Ewe,
昂布爾島,Q292021,
法久特島,Q292279,
尤厄島,Uyea,
白礁,Pedra Branca,
戴爾島,Q1268638,
瓦尼耶島,Île Vanier,
科科斯島 (毛里裘斯),Île aux Cocos,
蒙特利尔岛,Island of Montreal,
泰波托環礁,Tepoto,
甘泉岛,Robert Island,
艾島,Egholm,
雅科島,Jaco,
倫多瓦島,Rendova Island,
法卡希納環礁,Fakahina,
梅日杜沙爾斯基島,Mezhdusharsky Island,
賽厄島,Sejerø,
波克羅勒島,Porquerolles,
基瓦伊島,Kiwai Island,
恩德島,Nendo Island,
胡克島,Hooker Island,
迪維爾島,"D'Urville Island, New Zealand",
伍德拉克島,Woodlark Island,
圖茲拉島,Tuzla Island,
聖尼古拉島,Sveti Nikola Island,
俄羅斯島,Russky Island,
瓦納瓦納環礁,Vanavana,
拿騷島,Nassau,
洛克魯姆島,Lokrum,
吊鐘洲,Jin Island,
埃皮島,Epi (island),
塔法希島,Tafahi,
盧洛島撞擊坑,Île Rouleau crater,
科雄島,île aux Cochons,
聖蘭妮·格蒙特島,île Saint-Lanne Gramont,
豪島,île Howe,
烏魯斯特島,Orust,
卡巴拉島,Kabara,
奧格利烏加島,Q2016186,
聖馬科島,Sveti Marko Island,
普雷穆達島,Premuda,
卡耶米特島群,Cayemites,
法艾特環礁,Faaite,
歐里皮克環礁,Eauripik,
丹澤特島,Danzante Island,
利吉丹岛,Ligitan,
埃吉爾賽島,Egilsay,
埃爾馬爾克島,Eil Malk,
梅里爾島,Merir,
英格雷雅島,Engeløya,
薩馬納島,Samana Cay,
曼加貝島,Nosy Mangabe,
赫沃斯托夫島,Khvostof Island,
楠薩奇島,Nonsuch Island,
海獭岩,Sea Otter Rocks,
羅塞爾島,Rossel Island,
聖巴巴拉島,Santa Barbara Island,
蒂斯內斯島,Tysnesøy,
龍鼓洲,Lung Kwu Chau,
彼德曼島,Petermann Island,
长兴岛,Q287380,
尼奧焦爾島,Q292306,
糧船灣,High Island,
圖朗島,Tulang Island,
康沃利斯島,Cornwallis Island,
特雷斯科岛,Tresco,
努瓦爾穆捷島,Noirmoutier,
福煦岛,île Foch,
史密斯島,Smith Island,
大利亞霍夫島,Bolshoy Lyakhovsky Island,
弗洛迪島,"Flodday, Sound of Barra",
帕托斯島,Patos Island,
派拉戈斯島,Kyra Panagia,
潘塔爾島,Pantar,
亞斯島,Yas Island,
八丈島,Hachijō-jima,
北羅納德賽島,North Ronaldsay,
德西島,Dursey Island,
桑迪島,"Sanday, Orkney",
賈烏爾島,Dyaul Island,
兔子島 (柬埔寨),Koh Thonsáy,
東巴拉島,East Burra,
拉塔地島,Latady Island,
烏耶季涅尼亞島,Uyedineniya Island,
馬克爾島,Muckle Roe,
奧內阿塔島,Q2024128,
聖斯特凡諾島,Santo Stefano,
諾斯島,Noss,
馬拉帕斯卡島,Malapascua,
卡納加島,Kanaga Island,
基努島,Kihnu,
塔亞羅環礁,Taiaro,
拉肯巴島,Lakeba,
波波夫島 (美國),Popof Island,
南达尔帕蒂岛,New Moore Island,
斯萊奇島,Sledge Island,
斯特林島,Strynø,
歇爾布羅島,Sherbro Island,
維多利亞島,Victoria Island,
馬久利島,Majuli,
貝尼奇耶島,Q292204,
博蒙特島,Beaumont Island,
德弗羅爾島,Deverall Island,
端島,Hashima Island,
迪克島,Q967751,
龍山島 (越南),Long Sơn,
普羅文斯島,Province Island,
梅德利岩,Medley Rocks,
雷岛,île de Ré,
圣玛丽斯岛,St Mary's,
帕克島,Q2046562,
蘇薩克島,Susak,
巴拉海島,Barra Head,
新及島,Singkep,
拉臘克島,Larak Island,
佐努薩島,Donoussa,
東方號島,Vostok Island,
桑德斯島,Saunders Island,
安赫爾德拉瓜爾達島,Isla Ángel de la Guarda,
斯里哈莫克島,Three Hummock Island,
烏沙科夫島,Ushakov Island,
久杰夫島,Zyudev Island,
特隆凱托島,Tronchetto,
小珊瑚島,Ko Lan,
路易吉島,Luigi Island,
圖雷亞環礁,Tureia,
聖大衛島,St. David's Island,
聖安娜島,Ste. Anne Island,
托諾瓦斯島,Tonowas,
鳥島 (塞內加爾),Q292474,
魯賓遜克魯索島,Robinson Crusoe Island,
渡島小島,Kojima,
卡拉莫斯島,Kalamos,
帕塞島,Île de la Passe,
特爾島,Tail Island,
阿卜杜勒庫里島,Abd al Kuri,
西島,île de l'Ouest,
阿尔库季岛,Arkoudi,
希蒂環礁,Hiti,
墨丘利島,Mercury Island,
恩戈爾島,Q1330062,
雷索卢申岛,"Resolution Island, New Zealand",
布勞頓島,Broutona,
拉賽島,Raasay,
杰贝尔·阿尔泰尔岛,Jabal al-Tair Island,
格里菲斯島,Griffith Island,
卡馬蘭島,Kamaran,
克佩爾島,Keppel Island,
曼塞爾島,Mansel Island,
米蘇爾島,Misool,
紹納島,Saona Island,
薩圖納島,Saturna Island,
克里斯琴王島,King Christian Island,
基尔瓦基斯瓦尼,Kilwa Kisiwani,
馬尼希環礁,Manihi,
阿基爾貝格島,Achillbeg,
帕拉馬島,Parama Island,
西格尼島,Signy Island,
阿納斯塔西亞島,St. Anastasia Island,
伊塔帕里卡島,Itaparica Island,
馬丁礁,Martin Reef,
阿德莱德岛,Adelaide Island,
企鵝島 (克羅澤群島),île des Pingouins,
奥莱龙岛,Oléron,
比爾斯島,Bills Island,
波塞申島,île de la Possession,
敦謙沙洲,Sand Cay,
埃默拉爾德島 (西北地區),Emerald Isle,
努庫塔瓦凱環礁,Nukutavake,
斯維塔島,Switha,
馬尼西基,Manihiki,
布赖尔岛,"Bryher, Isles of Scilly",
高格納島,Gorgona Island,
德朗蓋島,Drangey,
湄洲岛,Meizhou Island,
塞布尔岛,Sable Island,
布拉哈島,Île Sainte-Marie,
蓋茨黑德島,Gateshead Island,
奧爾島,Pulau Aur,
戈公島,Koh Kong,
卡韋希環礁,Kauehi,
倫龐島,Rempang,
土珠島,Thổ Chu Island,
圣艾格尼丝岛,"St Agnes, Isles of Scilly",
大廷奧薩島,Tinhosa Grande,
德薩島,Texa,
斯皮德韋爾島,Speedwell Island,
斯特朗賽島,Stronsay,
萊穆伊島,Lemuy Island,
卡爾卡爾普科島,Karkarpko Island,
普提雅廷島,Putyatin Island,
東島 (克羅澤群島),île de l'Est,
波特島,île du Port,
瓦什島,Île à Vache,
林島,Luing,
卡門島,Isla del Carmen,
南硫磺島,South Iwo Jima,
特賴根島,Traiguen Island,
瑪娜島,"Mana Island, New Zealand",
菲斯卡爾島,Ilha Fiscal,
埃米勞島,Emirau Island,
海島,Sea Island,
皇家地理學會群島,Royal Geographical Society Island,
卡瓦爾加島,Q1737212,
布吉島,Phuket,
大卡伊島,Kai Besar,
基绍尔,Kisar,
萊維薩島,Levitha,
莫拉內環礁,Morane,
馬洛島,Malo Island,
埃利奧特夫人島,Lady Elliot Island,
拉莫特雷克環礁,Lamotrek,
聖皮埃爾島,St. Pierre Island,
大穆克薩爾馬島,Bolshaya Muksalma,
瓦圖貝拉群島,Watubela archipelago,
佩夏內島,Peschany Island,
巴斯蒂門多斯島,Bastimentos Island,
羅島,Ro,
阿格蒂岛,Agatti Island,
南森島,Nansen Island,
方阿陶環礁,Fangatau,
梅托馬島,Q1321288,
松轮岛,Matua,
弗雷登島,Q1771004,
拉瓦島,Rava,
薩莫伊洛維恰島,Q2057666,
朗布隆島,Romblon,
伊尔德巴特,île de Batz,
阿波特爾群島,îlots des Apôtres,
烏弗瑙島,Ufenau,
約斯·蘇達索島,Yos Sudarso Island,
埃爾科島,Elcho Island,
阿拉巴特島,Alabat,
穆胡島,Muhu,
塔庫梅環礁,Takume,
馬努瓦埃環礁 (庫克群島),Manuae,
亞利島,Gyali,
紐阿福歐島,Niuafoʻou,
斯特靈島,Stirling Island,
仲之神島,Nakanokamishima,
小利亞霍夫島,Maly Lyakhovsky Island,
約斯特范代克島,Jost Van Dyke,
謝苗諾夫斯基島,Semyonovsky Island,
伊巴雅特島,Itbayat Island,
塞瓦尔德斯群岛,Jason Islands,
舟山岛,Zhoushan Island,
馬西島,Massey Island,
塞爾比約恩島,Selbjørn,
圣马丁斯岛,"St Martin's, Isles of Scilly",
帕吉特島,"Paget Island, Bermuda",
惠迪島,Whiddy Island,
班本島,Pāmban Island,
米特科夫島,Mitkof Island,
蘇皮奧里島,Supiori island,
聖瑪格麗特島,île Sainte-Marguerite,
葉瓦利夫島,Yeva-Liv Island,
科莫島,Q1780663,
白地群島,Belaya Zemlya,
科莫蘭島,Komoran,
胡夫塔爾島,Huftarøy,
萊盧島,Lelu Island,
龟屿,Kusu Island,
托爾圖加島,Q2066195,
普魯姆普丁島,Q2099723,
普洛安娜島,Q2118012,
鮑威爾島,Powell Island,
宝石岛,Gemia Island,
烏埃桑島,Quessant,
秋列尼島,Tyuleniy Island,
卡利科安島,Calicoan Island,
裕廊島,Jurong Island,
布賴薩島,Q339997,
塔門,Grass Island,
勿里洞岛,Belitung,
波纳佩,Pohnpei,
亞當斯島,Adams Island,
阿當斯島,Adams Island,
涅烏波科耶瓦島,Q1373884,
直島町,Naoshima,
洛島,Lo,
賴瓦瓦埃島,Raivavae,
安澤爾斯基島,Q2392766,
巴烏島,Bau,
斯佩察島,Spetses,
法卡拉瓦環礁,Fakarava,
亞彭島,Yapen,
赫米蒂奇島,Hermitage Island,
衛吉島,Waigeo,
恩加諾島,Enggano Island,
埃塔爾環礁,Etal Atoll,
阿奎德内克島,Aquidneck Island,
帕拉帕拉島,Ureparapara,
斯里赫里戈达岛,Sriharikota,
瑤諾島,Ko Yao Yai,
薩姆哈島,Samhah,
馬圖雷伊瓦沃環礁,Matureivavao,
馬西拉島,Masirah Island,
外離島,Sotobanari Island,
馬塔克島,Matak,
阿克林岛,Acklins,
埃斯皮里图桑托岛,Espiritu Santo,
烏利西環礁,Ulithi,
北雙子島,North Twin Island,
莫桑比克岛,Island of Mozambique,
萨瓦伊岛,Savai'i,
科羅爾島,Koror,
波塞申島 (納米比亞),Q2105817,
青洲,Green Island,
卡薩里島,Kassari,
恩格島,Engey,
桑吉昂島,Sangiang,
坪洲,Peng Chau,
普薩拉島,Psara,
斯托爾島,Stor Island,
芒特迪瑟特島,Mount Desert Island,
大埃洛贝岛,Elobey Grande,
奇林古丹島,Chirinkotan,
斯克魯澤島,Skrúður,
芝罘岛,Zhifu Dao,
邁沃島,Maewo,
馬努瓦埃環礁,Manuae,
埃托林島,Etolin Island,
斯托爾門島,Stolmen,
桑霍爾恩島,Sandhornøya,
阿爾島,Alrø,
薩米奧普拉島,Samiopoula,
馬努漢吉環礁,Manuhangi,
瓦拉島,Vatu Vara,
塞拉亞島,Selayar Island,
蘭布蒂奧島,Rambutyo Island,
拉凡斯卡里島,Moshchny Island,
烏維塔島,Uvita Island,
魯辛加島,Rusinga Island,
伊姆拉勒島,İmralı,
安地卡島,Antigua,
瓦努阿岛,Vanua Levu,
女木島,Megijima,
阿達博亞娜島,Ada Bojana,
斯科特島,Scott Island,
貝島,Nosy Be,
諾拉島,Nora,
埃德利扎島,Elliðaey,
塞斯特魯尼島,Sestrunj,
小埃洛贝岛,Elobey Chico,
孀婦岩,Lot's Wife,
恩島,Enø,
梅雷拉瓦島,Merelava,
海象島 (普里比洛夫群島),"Walrus Island, Pribilof Islands",
尼茲基島,Nizki Island,
庫恩島 (格陵蘭),Kuhn Island,
里花島,Lehua,
瓦伊拉泰阿島,Vairaatea,
瓦希塔希環礁,Vahitahi,
阿巴该图洲渚,Abagaitu Islet,
加勒斯恩杰克岛,Galešnjak,
波特蘭島 (紐西蘭),Portland Island,
瓦勒普斯岛,Wallops Island,
馬拉瓦利島,Malawali Island,
馬里恩島,Marion Island,
金查奧島,Quinchao Island,
聖米格爾島,San Miguel Island,
班乃岛,Panay,
玛格丽塔岛,Isla Margarita,
兰迪岛,Lundy,
聖島,Holy Island,
埃尔德岛,Eldey,
契奧沃島,Čiovo,
天宁岛,Tinian,
瓦特賽島,Vatersay,
埃雷托卡島,Q1350037,
加爾維斯頓島,Galveston Island,
利富卡島,Lifuka,
卡普里耶島,Kaprije,
威廉島,Wilhelmøya,
穆哈拉格岛,Muharraq Island,
美黑蒂亞島,Mehetia,
薩納納島,Sanana,
基里維納島,Kiriwina,
奧泰爾島,Otterøya,
塔納加島,Tanaga Island,
莫塔拉瓦島,Mota Lava,
利努瓦島,Linua,
萊萊帕島,Lelepa,
普納島,Puná Island,
東島,Chergui,
博物館島,Q317187,
穆魯羅阿環礁,Moruroa,
自由島,Liberty Island,
鴨脷洲,Ap Lei Chau,
奧姆島,Omø,
德那第,Ternate,
科茨岛,Coats Island,
纳努曼加岛,Nanumanga,
阿多納拉島,Adonara,
韋爾德島,Värmdö,
列斯科夫島,Leskov Island,
努根特島,Nugent Island,
克拉帕尼島,Krapanj,
式根島,Shikine-jima,
玛丽-加朗特岛,Marie-Galante,
惠德比島,Whidbey Island,
亨德森岛,Henderson Island,
法拉島 (奧克尼群島),Fara,
菲拉島,Filla Island,
維澤島,Vize Island,
宰拜爾傑德島,"St. John's Island, Egypt",
戈茨桑島,Gotska Sandön,
茹特島,Žut,
阿格里漢島,Agrihan,
安庫坦島,Akutan Island,
羅圖馬群島,Q2169106,
斯普魯斯島,Spruce Island,
洛島 (南設得蘭群島),Low Island,
馬納姆島,Manam,
伊尔莫莱恩,Molène,
克萊因古拉索島,Klein Curaçao,
小拉澤巴克島,Little Razorback Island,
法伊岛,Fejø,
莫拉特島,Molat,
托富阿島,Tofua,
聖喬治島,St. George's Island,
帕馬島,Paama,
阿努阿努拉羅環礁,Anuanuraro,
薩布里納島,Sabrina Island,
薩納克島,Sanak Island,
瑪維迪斯島,Mabudis Island,
旺加瓦島,Vuaqava,
锡布延岛,Sibuyan,
科柳欽島,Kolyuchin Island,
聖安布羅焦島,San Ambrosio Island,
福納法拉,Funafala,
扎瓦多弗斯基島,Zavadovskiy Island,
十字架島,Krestovsky Island,
霍夫曼島,Hofmann Island,
耶爾島,Yell,
烏尼馬克島,Unimak Island,
瓦尔库尔岛,Valcour Island,
艾尔瓦德岛,Arwad,
莫托瑙島,Motu Nao,
阿吉甘島,Aguijan,
阿昆島,Akun Island,
曼納島,Mannar Island,
凡納島,Q1395702,
科羅納多島,Isla Smith,
塔爾瓦群島,Tarva,
洛克耶島,Lockyer Island,
索科羅島,Socorro Island,
法雷島,Faray,
烏納爾加島,Unalga Island,
勞特島,Laut Island,
小巴里爾島,Little Barrier Island,
拉卡翁島,Lakawon,
瓦托姆島,Watom Island,
绿中海,Pangkor Laut Island,
內爾斯地,Nares Land,
上奧謝列多克島,Verkhny Oseredok Island,
布納肯島,Bunaken,
拉达那哥欣岛,Rattanakosin Island,
烏姆安納珊島,Umm an Nasan,
特隆德拉島,Trondra,
普拉夫尼科夫維耶島,Q370811,
拉格爾內島,Q425934,
南羅恩島,Eilean nan Ròn,
基利金島,Kildin Island,
埃格林頓島,Eglinton Island,
大久野島,Ōkunoshima,
崇明岛,Chongming Island,
粟國島,Aguni island,
科羅科羅島,Corocoro Island,
科西涅島,Cousine Island,
聖克利門蒂島,San Clemente Island,
阿加圖島,Agattu,
賴涅拉島,Rainer Island,
格拉斯島,"Grass Island, South Georgia",
弗雷格特島,Q1413202,
卡塔加島,Kataja,
雷奧環礁,Reao,
布兰基亚岛,Blanquilla Island,
曼加伊亞島,Mangaia,
特納拉羅環礁,Tenararo,
摩努雷基島,Monuriki,
愛德華王子島,Prince Edward Island,
恩道島,Ndao Island,
尤加尼克島,Uganik Island,
納蓋島,Nagai Island,
什卡爾達島,Škarda,
塔納島,Tanna,
巴倫支島,Barentsøya,
弗洛塔島,Flotta,
烏凱雷豐島,Ukerewe Island,
納馬島,Nama,
蒂爾島,Thil Island,
阿魯圖阿環礁,Arutua,
里布島,Lib Island,
福戈岛,"Fogo, Cape Verde",
格蘭德島,Ilha Grande,
林加島,Lingga Island,
法拉利翁森蒂內拉島,Q1396180,
格林尼治島,Greenwich Island,
法勞萊普環礁,Faraulep,
沙摩西島,Samosir,
蒙塔古島,Montagu Island,
聖喬治島 (佛羅里達州),St. George Island,
西巴丹島,Sipadan,
懷特島,White Island,
努庫特皮皮環礁,Nukutepipi,
塔卡波托環礁,Takapoto,
拉索拉島,La Sola Island,
小基斯卡島,Little Kiska Island,
圣埃斯特万岛,San Esteban Island,
帕奈坦島,Panaitan,
朗桑島,Rangsang,
迪纳加特岛,Dinagat Island,
蒂考島,Ticao Island,
聖費利克斯島,San Félix Island,
西點島,Westpoint Island,
小豆島,Shōdo Island,
石牛洲,Shek Ngau Chau,
艾諾夫群島,Q2448772,
小霍爾姆島,Lamb Holm,
日列島,Žirje,
燈塔島,Fastnet Rock,
紹爾塔島,Šolta,
大巴里爾島,Great Barrier Island,
倫代島,Lundey,
拉斯林歐本島,Q2132733,
劉易斯-哈里斯島,Lewis and Harris,
波拉島,Bhola Island,
里斯托爾島,Isle Ristol,
希潘島,Šipan,
阿加索尼西島,Agathonisi,
阿克雷島,Akurey,
拉姆岛,Rum Cay,
聖彼得島,St. Peter Island,
佩布爾島,Pebble Island,
邦吉島,Banggi Island,
蒂凱伊島,Tikei,
埃斯佩朗斯岩,L'Esperance Rock,
切爾島,Tjeldøya,
薩塔瓦爾環礁,Satawal,
辛貝里島,Simberi Island,
瑪高島,Mago Island,
伴侣岛,Seurasaari,
阿德默勒爾蒂島,Admiralty Island,
伊尼什莫爾島,Inishmore,
圣文森特岛,Saint Vincent,
弗拉克斯塔德島,Flakstadøya,
帕帕斯特隆賽島,Papa Stronsay,
朗島,Langøya,
火島,Fire Island,
福米加斯角,Formigas,
罗阿坦岛,Roatán,
羅卡雷東達島,Roca Redonda,
麥基諾島,Mackinac Island,
瑪麗亞克萊奧法斯島,Q1906582,
横沙岛,Hengsha Dao,
Qáqarssuatsiaq,Qáqarssuatsiaq,
聖磺島,San Juan Island,
塞布爾島,Q2210053,
托爾島,Tol,
萨格楚达克岛,Sagchudak Island,
海島 (喬治亞州),"Sea Island, Georgia",
斜阳岛,Xieyang Island,
格貝,Pulau Gebe,
特朗岸島,Trangan,
霹雳岛,Pulau Perak,
馬格達萊納島,Magdalena Island,
艾厄克塔利克島,Q403380,
阿米莉亞島,Amelia Island,
巴托洛梅島,Bartolomé Island,
富蘭克林島,Franklin Island,
格賴斯島,Gräsö,
托加島,Q1867998,
通戈瓦島,Q1847568,
聖克魯斯島,Santa Cruz Island,
阿爾瓦特羅斯島,Q2547308,
阿克帕托克島,Akpatok Island,
奧巴島,Aoba Island,
安布里姆島,Ambrym,
阿馬努環礁,Amanu,
阿爾傑爾島,Alger Island,
洛卡娜島,Laucala,
奧斯特島,Hoste Island,
洛希德島,Lougheed Island,
瑪麗亞環礁,Maria Est,
馬羅考環礁,Marokau,
馬魯特阿環礁,Marutea Nord,
米西馬島,Misima Island,
瓦托阿島,Vatoa,
圖瓦納伊索洛島,Tuvana-i-Colo,
拉萬島,Lavan Island,
科伊羅托島,Koiluoto,
巴拉巴克岛,Balabac,
什切德羅島,Šćedro,
聖埃夫斯特拉蒂奧斯島,Agios Efstratios,
艾厄斯島,Agersø,
艾克塔克島,Aiktak Island,
安伯格里斯島,Ambergris Caye,
弗拉泰島 (布雷扎灣),Flatey,
馬森島,Masson Island,
布盧絲尼克 (島嶼),Brusnik,
希萊島,Shillay,
煎饼岩,Pancake Rock,
馬塔伊瓦環礁,Mataiva,
艾因哈羅島,Eynhallow,
巴丹島,Batan Island,
新知島,Simushir,
林加霍爾姆島,Midgarth,
朗伊托托島,Rangitoto Island,
沙平賽島,Shapinsay,
莫斯克内斯岛,Moskenesøya,
卡烏拉島,Kaʻula,
富加島,Fuga Island,
特洛代島,Eilean Trodday,
萊夫利島,Lively Island,
倫里芬湖島,Rangalifinolhu,
聖托馬斯島,Saint Thomas,
阿合,Ahe,
艾爾福斯島,Air Force Island,
埃瓦島,ʻEua,
措辛厄島,Tåsinge,
琼貝島,Chumbe Island,
延德納島,Yamdena,
麥考利島,Macauley Island,
莫塞島,Q1941635,
伊法利克環礁,Ifalik,
利希爾島,Lihir Island,
大索洛韋茨基島,Bolshoy Solovetsky Island,
北馬尼圖島,North Manitou Island,
勒維拉格吉多島,Revillagigedo Island,
夏揚島,Siayan Island,
法斯島,Fais Island,
普蘭格利島,Prangli,
烏納拉斯卡島,Unalaska Island,
卡皮蒂島,Kapiti Island,
富埃爾特島,Fuerte Island,
羅賓斯島 (塔斯馬尼亞),Robbins Island,
諾斯布魯克島,Northbrook Island,
列日島,Liège Island,
热浪岛,Redang Island,
馬寶島,Mabul Island,
邦勞島,Panglao Island,
馬圖庫島,Matuku Island,
奥比岛,Obira,
科斯特群島,Koster Islands,
斯希扎島,Schiza,
圖巴包島,Tubabao,
沙勞羅夫島,Shalaurov Island,
德索拉西翁島,Desolación Island,
龐森島,Ponson Island,
永兴岛,Woody Island,
橋咀洲,Sharp Island,
莫圖伊蒂島,Motu Iti,
弗拉德代島,Eilean Fladday,
西表島,Iriomote island,
阿塔島,ʻAta,
洛希尼島,Lošinj,
阿姆奇特卡島,Amchitka,
阿馬克島 (福克斯群島),Amak Island,
阿馬蒂格納克島,Amatignak Island,
索洛島,Solor,
瑪麗亞馬德雷島,Q1906611,
上川岛,Shangchuan Island,
南丁格尔岛,Nightingale Island,
弗拉泰島 (斯喬爾萬迪灣),Flatey,
曼達島,Manda Island,
科爾納特島,Kornat,
費多戈伊島,Fidalgo Island,
亞歷山大塞爾扣克島,Alejandro Selkirk Island,
昆仑岛,Côn Sơn Island,
瓦努阿圖瓦圖島,Q2510526,
利夫島,Livø,
洛佩維島,Lopevi,
昂加島,Unga Island,
阿穆克塔島,Amukta,
泰倫佐斯島,Telendos,
鹽泉島,Saltspring Island,
奧諾島,Ono Island,
圖哈默克島,Two Hummock Island,
靈瓦斯島,Ringvassøy,
香山岛,Zhongshan Dao,
艾爾薩岩,Ailsa Craig,
聖菲島,Santa Fe Island,
阿格爾島,Agerø,
阿胡努伊環礁,Ahunui,
約夫島,Q432518,
阿馬克納克島,Amaknak Island,
科斯雷,Kosrae,
雷東達島,Redonda,
伊尼什曼島,Inishmaan,
努特卡島,Nootka Island,
哈圖圖島,Hatutu,
道森島,Dawson Island,
馬約島,Maio,
佛努阿雷島,Fonualei,
曼塞拉島,Mancera Island,
磨勘留島,Makanrushi,
天賣島,Teuri Island,
拉特岛,"Hawadax Island, Alaska",
竹富島,Taketomi Island,
羊角島,Yanggak,
莫涅龍島,Moneron Island,
阿莫利亞尼島,Ammouliani,
烏諾島,Uno,
莫蒂蒂島,Motiti Island,
阿爾斯騰島,Alsten,
欣欽布魯克島,Hinchinbrook Island,
亞歷山大地島,Alexandra Land,
希庫埃魯環礁,Hikueru,
莫斯肯岛,Mosken,
于默島,Ymer Island,
穆奧斯塔赫島,Muostakh Island,
肖納島,Eilean Shona,
薩爾凱島,Salkay Island,
大杧岛,Damang Island,
长洲岛,Changzhou Island,
普洛斯基島,Q430413,
聖地亞哥島,Santiago Island,
達爾文島,Darwin,
聖尼古勞島,São Nicolau,
珍岛,Jindo,
布拉瓦島,Brava,
萊羅斯島,Leros,
塔古拉島,Vanatinai,
拉罗汤加岛,Rarotonga,
母岛,Haha-jima,
米恩島,Meighen Island,
紐陶島,Niutao,
黑山島,Heuksando,
南怡島,Namiseom,
壹岐島,Iki Island,
安那卡帕島,Anacapa Island,
巨济岛,Geojedo,
白翎岛,Baengnyeongdo,
斯特羅馬島,Stroma,
查塔姆島,Chatham Island,
耶伊納島,Q2599991,
金島,King Island,
Killiniq島,Killiniq Island,
帕爾馬羅拉島,Palmarola,
斯沃納島,Swona,
里尼亞島,Rineia,
雷公計島,Raikoke,
克拉倫斯島,Clarence Island,
林肯島 (阿拉斯加),Lincoln Island,
申雅島,Shemya,
二次飛行員沙嘴,Kosa Dvukh Pilotov Island,
伊德利德利亞島,Idlidlya Island,
塞拉諾島,Serrano Island,
甘島,Gan,
罗图马岛,Rotuma,
安克島,Anchor Island,
永宗岛,Yeongjongdo,
穆納島,Muna Island,
錫米島,Symi,
小鹿島病院,Sorokdo,
庫布島,Kubu Island,
紹卡利斯基島,Shokalsky Island,
阿南古拉島,Anangula Island,
波波夫島,Popov Island,
竹嶼,Jukdo,
艾斯塔多島,Isla de los Estados,
聖盧西亞島,"Santa Luzia, Cape Verde",
富爾島,Fur,
聖卡塔利娜島,Isla Santa Catalina,
桑迪島,"Sanday, Inner Hebrides",
加維島,Gavi,
薩武群島,Savu,
哈默海德島,Hammerhead Island,
布洛瓊富倫島,Blå Jungfrun,
維帕里島,Viper Island,
豪克島,Pulusuk,
青衣島,Tsing Yi,
松索羅爾島,Q2299763,
華盛頓島,Washington Island,
中业岛,Thitu Island,
赵述岛,"Tree Island, South China Sea",
聖基里爾島,St. Cyricus Island,
福特島,Ford Island,
卡拉島,Cara Island,
拉斯托爾古夫島,Rastorguyev Island,
史密斯島,"Smith's Island, Bermuda",
什科特島,Shkot Island,
比格加島,"Bigga, Shetland",
阿基阿基環礁,Akiaki,
北肯特島,North Kent Island,
馬柴厄斯封印島,Machias Seal Island,
鳥島,Tori-shima,
伊拜岛,Ebeye Island,
大青岛,Daecheongdo,
巨文島,Port Hamilton,
阿蒙德靈內斯島,Amund Ringnes Island,
綠島,Green Island,
薩卡塞索拉島,Sacca Sessola,
斯帕茨島,Spaatz Island,
洛特斯島,Lotus Island,
普卡普卡岛,Puka-Puka,
穆薩島,Mousa,
佩斯卡多爾島,Pescador Island,
森德爾斯島 (格陵蘭),"Saunders Island, Greenland",
法蘭西島,île de France,
锡亚高岛,Siargao,
塔哈涅阿環礁,Tahanea,
提德拉島,Tidra,
貝克爾島,Becker Island,
索列夫諾瓦尼亞島,Sorevnovaniya Island,
兰里岛,Ramree Island,
費克利斯托夫島,Feklistova Island,
高爾察克島,Kolchak Island,
佘山岛,Sheshan Island,
牛肉島,Beef Island,
赫米特島,Hermit Island,
瓦利斯岛,Wallis,
福爾米卡島,Formica,
鲁鲁岛,Lulu Island,
蜈支洲岛,Q2595545,
泗礁山,Sijiao Island,
阿基米斯基島,Akimiski Island,
卡沃島,Kawau Island,
阿米利亞島,Amlia,
北濟州郡,Bukjeju,
卡塔利娜島,"Catalina Island, Dominican Republic",
北西摩島,North Seymour Island,
富魯格利姆島,Furugelm Island,
小青岛,Soichong Do,
江華島,Ganghwado,
亨德森島,Henderson Island,
勇留島,Yuri,
理查茲島,Richards Island,
大凱科斯島,Middle Caicos,
格雷厄姆貝爾島,Graham Bell Island,
肯農島,Kennon Island,
莫圖通加環礁,Motutunga,
莫約島,Moyo Island,
石岛,"Rocky Island, South China Sea",
塔恩阿環礁,Taenga,
科列索夫島,Kolesovsky Island,
烏什島,Ush Island,
東大巴哈馬區,East Grand Bahama,
安克里奇島,Anchorage Island,
斯特羅恩吉利島,Strongyli Kastellorizou,
科羅島,Koro Island,
瓦努阿拉瓦島,Vanua Lava,
謝佩島,Isle of Sheppey,
霍迪科夫島,Hodikof Island,
斯卡吉爾島,Q2291266,
德瑟萊申島,Desolation Island,
格呂特島,Grytøya,
馬溫島,Maun,
基島,Kiy Island,
阿萊克托里亞島,Alectoria Island,
小塞恩島,Ceann Iar,
千島群島 (挪威),Tusenøyane,
白島 (菲律賓),White Island,
錫特基納克島,Sitkinak Island,
帕納翁島,Panaon,
萬西塔特島,Vansittart Island,
奧龍賽島,"Oronsay, Inner Hebrides",
马罗岛,Marado,
波羅島,Poro,
海倫島,Q1519442,
韋斯特雷島,Westray,
凱阿克島,Kayak Island,
利诺萨岛,Linosa,
蘭貝島,Lambay Island,
俄罗斯岛,Russky Island,
伊尼什博芬島,Inishbofin,
珀尼達島,Nusa Penida,
謝潑德島,Shepard Island,
南海岛,Namhaedo,
南濟州郡,Namjeju,
大伯納拉島,Great Bernera,
萊萬佐島,Levanzo,
凱勒拉島,Kerrera,
吉厄島,Gigha,
戈夫岛,Gough Island,
雪恩島,Tjörn,
吉布斯島,Gibbs Island,
加朗島,Galang Island,
加格島,Gag Island,
蓋勒洛伊島,Gareloi Island,
卡爾亞歷山大島,Karl-Alexander Island,
錫爾巴尼亞斯,Sir Bani Yas,
聖瑪利亞島 (古巴),Cayo Santa María,
斯邁利島,Smyley Island,
卡納島,Càrna,
大塞恩島,Ceann Ear,
阿爾瓦島,Ulva,
米哈伊洛夫島,Mikhaylov Island,
阿尤島,Pulau Ayu,
科倫賽島,Colonsay,
羅斯福島,Roosevelt Island,
森德尔斯岛,Saunders Island,
胡阿希內島,Huahine,
可居岛,Gageodo,
薩維奇島,Savage Island,
帕拜島,Pabay,
方加陶法环礁,Fangataufa,
斯卡爾佩島,"Scalpay, Inner Hebrides",
約翰島,Iony Island,
谷關島,Guguan,
隆戈島,Longay,
洛夫島,Loaf Island,
基拉戈島,Key Largo,
歐威希,Aughinish,
凡島 (小貝爾特海峽),Fænø,
南安達曼島,South Andaman Island,
大特克島,Grand Turk Island,
加費魯特島,Gaferut,
延斯蒙克島,Jens Munk Island,
沃爾克島,Walker's Cay,
烏卡拉島,Ukara Island,
南雙子島,South Twin Island,
格拉維納島,Gravina Island,
塔倫賽島,Taransay,
納亞烏島,Nayau,
普拉穆卡島,Pramuka,
皇家島,île Royale,
瓦克塞島,Vacsay,
波徹島,Porcher Island,
舍德旺島,Shadwan,
瓜哈瓦島,Cayo Guajaba,
尼亞斯島,Nias,
塔吉達克島,Tugidak Island,
吻岛,Ven,
貝里琉州,Peleliu,
尼奧島,Nyord,
法拉洛普島,Falalop,
南羅納島,South Rona,
安蒂普薩拉島,Antipsara,
安蒂米洛斯島,Antimilos,
淡路島,Awaji Island,
舞衣島,Muuido,
大阜島,Daebudo,
科伊爾島,Q1500764,
高岛,Kao,
聖托馬斯島,St. Thomas Island,
威艾島,"Wiay, Skye",
加利亞諾島,Galiano Island,
圖勒島,Thule Island,
奧羅盧克島,Oroluk Island,
帕佩島,Papey,
沃凱奧島,Vokeo,
托托亞島,Totoya,
拜杜科夫島,Baydukov Island,
格利姆斯霍爾姆島,Glims Holm,
恩古納島,Nguna,
車臣島,Chechen Island,
傑納斯島,Janus Island,
卡爾夫島,Calve Island,
哈斯韋爾島,Haswell Island,
拉塞爾島,Russell Island,
拜厄姆马丁岛,Byam Martin Island,
奥特岛,Otter Island,
穆克島,Muck,
利尻島,Rishiri Island,
济州,Jeju Volcanic Island and Lava Tubes,
泰里島,Tiree,
馬雷蒂莫島,Marettimo,
馬卡爾島,Makar Island,
长兴岛,Changxing Island,
卡揚埃爾島,Q1517217,
托魯普島,Q1527786,
博雷島,"Boreray, North Uist",
希格斯島,"Higgs' Island, Bermuda",
吉雷松島,Giresun Island,
莫諾島,Mono Island,
伊尼亞卡島,Inhaca,
特雷莎島,Tarāsa Dwīp,
莫托瓦島,Motu Oa,
聖伊格納斯島,St Ignace Island,
基輔水公園,Hidropark,
卡尼高島,Canigao Island,
亨德里克島,Hendrik Island,
伊塞島,Isay,
大嶼山,Lantau Island,
實尾島,Silmi-do,
萨利纳岛,Salina,
帕順帕漢島,Pasumpahan,
阿内加达岛,Anegada,
努姆島,Mios Num,
勒尼島,Pulau Reni,
錫爾島,Q1489948,
瑙納島,Q1506632,
科堡島,Q1527758,
索洛維約夫島,Q1528180,
喬治島,George Island,
卡徹爾島,Katchall Island,
列斯科島,Riesco Island,
敏莪里島,Mangole Island,
姆凡加諾島,Mfangano Island,
班島 (洛丘什),Eilean Bàn,
里格島,Eilean Rìgh,
吉格哈島,Gighay,
哈斯科賽島,Hascosay,
羅內島,Ronay,
隆加島,"Lunga, Treshnish Isles",
加林德斯島,Galindez Island,
孔多斯特羅夫島,Q4230532,
耶拉金島,Yelagin Island,
馬卡姆島,Markham Island,
布羅克島,Brock Island,
星期四岛,Thursday Island,
卡林诺斯岛,Kalymnos,
塔瓦塔島,Tahuata,
安厄里亞島,Andørja,
地理學會島,Geographical Society Island,
斯基亞索斯島,Skiathos,
塞德羅斯島,Cedros Island,
拜克曼島,Bikeman Island,
蘭巴島,Lamba,
科涅韋茨島,Konevets,
裸島,Goli otok,
菲茨羅伊島,Fitzroy Island,
科伊翁薩里島,Q4227202,
卡卡班島,Kakaban,
实马高岛,Pulau Semakau,
弗斯半島,Furse Peninsula,
索布拉爾半島,Sobral Peninsula,
賈雷爾加奇島,Dzharylgach,
巴林島,Bahrain Island,
小科倫賽島,Little Colonsay,
泰格島,Eilean Tigh,
馬德雷德迪奧斯島,Madre de Dios Island,
亞克連島,Jakljan,
聖皮耶島 (聖皮耶與密克隆群島),Saint Pierre Island,
劉伯海爾德島,Eilean Liubhaird,
恩塞島 (外赫布里底群島),"Ensay, Outer Hebrides",
弗洛代格莫爾島,Flodaigh Mòr,
南哈夫拉島,South Havra,
小坎布雷島,Little Cumbrae,
福瓦法圖,Fuafatu,
科菲奧島,Kofiau,
安德森島,Andersson Island,
克魯佐夫島,Kruzof Island,
維卡爾斯島,Vicars Island,
布斯島,Booth Island,
安加爾,Angaur,
奇洛埃岛,Chiloé Island,
奧格洛達克島,Oglodak Island,
巴爾島,Barsø,
梅加尼西島,Meganisi,
沙面岛,Shamian,
科隆班加拉島,Kolombangara,
隆格島,Île Longue (Kerguelen Islands),
弗萊徹島,Fletcher Island,
赫達塞島,Hildasay,
南阿巴科區,South Abaco,
馬克林托卡島,MacKlintok Island,
帕盧厄島,Palu'e,
弗洛代格島,Flodaigh,
埃利奧特島,Elliott Key,
帕貝島,"Pabbay, Barra Isles",
法納戈里亞島,Phanagoria Island,
特里尼蒂島,"Trinity Island, Willis Islands",
雷諾島,Renaud Island,
南沃爾斯島,South Walls,
阿嘉島,Aka Island,
西夸伊島,Sikuai,
橫當島,Yokoate-jima,
安島,Andøya,
迪安島,Dean Island,
濤島,Ko Tao,
開曼布拉克,Cayman Brac,
帕泰島,Pate Island,
沃爾賽島,Whalsay,
阿格基斯特里島,Agistri,
威艾島,Wiay,
布留斯島,Bruce Island,
薩德爾島,Saddle Island,
中岩礁,Middle Rocks,
布魯斯涅夫島,Brusneva Island,
奧爾達尼島,Oldany Island,
扎西岛,Zhaxi Island,
阿拉塞納島,Aracena Island,
竹生島,Chikubu Island,
通岛,Koh Tang,
杜布莫爾島,Eilean Dubh Mòr,
塔內拉莫爾島,Tanera Mòr,
柯基博斯特島,Kirkibost,
聖島,"Holy Isle, Firth of Clyde",
瓦西尼島,Wasini Island,
貢納島,Gunna,
斯洛萬斯基島,Slovanský ostrov,
豪特島,île Haute,
阿納托姆島,Anatom,
威爾士島,Wales Island,
卡加拉斯卡島,Kagalaska Island,
大達夫尼島,Daphne Major,
喬治地島,Zemlya Georga,
克羅斯島,Keros,
富图纳岛,Futuna Island,
薩卡菲索拉島,Sacca Fisola,
安蒂科斯蒂島,Anticosti Island,
林加島,Linga,
梅拉德湖島,Maamendhoo,
坎帕納島,Campana Island,
小別吉切夫島,Maliy Begichev Island,
亨達島,Hunda,
戈梅特拉島,Gometra,
班士敦島,Barnston Island,
普爾夸帕島,Pourquoi Pas Island,
斯圖萊島,Stuley,
克萊恩島 (華盛頓州),Crane Island,
聖路易斯島,São Luís Island,
孟买七岛,Bombays sju öar,
埃萊南亞斯蓋希島,Eileanan Iasgaich,
弗亞拉奇島,Fiaraidh,
內尼島,Neny Island,
塞布庫島,Sebuku,
安馬沙利克島,Ammassalik Island,
企業島,Enterprise Island,
埃格島,Eigg,
土布艾群岛,Tubuai,
格朗德特尔岛,Grande-Terre,
沃坎島,Tanahbesar,
德拉卡島,DeLaca Island,
安特環礁,Ant Atoll,
笔架山 (锦州),Bijia Mountain,
富納杜 (沙維亞尼環礁),Funadhoo,
曼特希,Mantsinsaari Island,
阿斯托拉島,Astola Island,
弗林德斯島,Flinders Island,
海心沙,Haixinsha Island,
特馬坦吉環礁,Tematangi,
蒙塔古島,Montague Island,
布勒厄島,Q2659873,
什克爾達島,Škrda,
南森島,Nansena Island,
拉隆西耶爾島,La Ronciere Island,
波利略島,Polillo,
米爾島,Mill Island,
阿瑟島,Arthur Island,
薩利姆島,Salm Island,
謝爾曼島,Sherman Island,
江仁屋離島,Eniyabanare Island,
博克辛島,Boxing Island,
鮑勒岩,Bowler Rocks,
布魯拉島,Bruray,
瓦里島,Wari,
卡索斯島,Kasos,
塔內拉比格島,Tanera Beag,
阿尼瓦島,Aniwa Island,
甘茂島,Kisseraing Island,
瑟斯顿岛,Thurston Island,
索拉爾特島,Solarte Island,
大伊納瓜島,Q3115958,
格蘭德特雷島,Grande-Terre,
錫福斯島,Seaforth Island,
蓋爾比島,Gharbi,
埃奧薩島,Eorsa,
阿布艾卜耶德島,Abu al Abyad,
庫普塔納島,Cuptana Island,
下島,Terre-de-Bas Island,
志賀島,Shikano Island,
桑布岛,Sambu Island,
烏尊島,Uzunada,
索厄莫爾島,Soay Mòr,
薩姆普雷島,Samphrey,
小寶島,Kodakara Island,
韋明特里島,Vementry,
坎贝尔岛,"Campbell Island, New Zealand",
布拉德利岩,Bradley Rock,
內離島,Uchibanari island,
錫拉夏島,Therasia,
伊計島,Ikei Island,
博爾島,Bowl Island,
布魯斯特島,Brewster Island,
利普西島,Leipsoi,
利錫島,Lisy Island,
懷爾島,"Wyre, Orkney",
馬拉卡爾島,Malakal Island,
六甲人工島,Rokkō Island,
奧諾托阿環礁,Onotoa,
馬泰莫島,Matemo Island,
蒂朗岛,Tiran Island,
舒納島,"Shuna, Slate Islands",
册子岛,Q3593039,
貝圖島,Q3593348,
斯里兰卡岛,Q4526612,
雅格里,Q4536220,
西林加島,West Linga,
科西阿斯科島,Kosciusko Island,
格兰罗克岛,Gran Roque,
南子岛,Southwest Cay,
瓜佛島,Guafo Island,
帕拜格莫爾島,Pabaigh Mòr,
斯卡普島,Scarp,
梅爾喬島,Melchor Island,
赫梅特拉島,Hermetray,
維賓島,Vypin,
直名丁宜島,Tebing Tinggi Island,
普萊諾島,Pleneau Island,
尼科伊島,Nikoi Island,
普拉兰岛,Praslin,
濟科夫島,Zykov Island,
屋我地島,Yagaji Island,
濱比嘉島,Hamahiga Island,
博爾塞吉島,Borceguí Island,
布代島,Boudet Island,
布拉什島,Brash Island,
巴弗島,Buffer Island,
布賴德島,Bryde Island,
沖繩島,Okinawa Island,
象岩,Elephant Rocks,
竹岛,Takeshima,
派里斯泰拉島,Peristera,
帕夏利馬訥島,Paşalimanı,
兄弟島,Brother Isle,
阿里貝伊島,Cunda Island,
帕拉代斯島,Paradise Island,
卡特琳娜島 (阿拉斯加州),Catherine Island,
布拉斯岛,Bras Island,
上島,Terre-de-Haut Island,
羅斯柴爾德島,Rothschild Island,
赫斯特島,Hearst Island,
卡洛利姆諾斯島,Kalolimnos,
普里斯特島,Priest Island,
霍爾斯島 (薩默群島),"Horse Island, Summer Isles",
卡布里島,îlet à Cabrit,
查尼亞拉爾島,Chañaral Island,
布朗島,Brown Island,
莫爾登島,Malden Island,
別雷島,Bely Island,
布雷塞島,Bressay,
比亞德納雷島,Bjarnarey,
馬達萊納群島,Maddalena archipelago,
合恩島,Hornos Island,
圖阿納凱環礁,Tuanake,
懷特島 (恩德比地),White Island,
烏尼耶島,Unije,
莫圖奧內環礁,Motu One,
巴夫島,Buff Island,
博格島,Borg Island,
奇斯托伊班基島,Chistoy Banki,
奧里米夫島,Oremif,
久高島,Kudaka Island,
特列蒂島,Tretiy Island,
林加島,"Linga, Muckle Roe",
菲利普岛,Phillip Island,
布唐岩,Boutan Rocks,
布拉蒂納島,Bratina Island,
邊境島,Boundary Islet,
布賴恩島,Brian Island,
宮城島,Miyagi island,
大島,Grand-Îlet,
烏希島,Ushi Island,
蒂格雷斯港,Baia dos Tigres,
小伯納拉島,Little Bernera,
米勒蘭島,Millerand Island,
赫利賽島,Hellisay,
本傑明島,Benjamin Island,
基德尼島,Kidney Island,
奧龍賽島,"Oronsay, Outer Hebrides",
霍塞島,Housay,
邁利斯塔島,Eilean Mhealasta,
平安座島,Henza Island,
布雷克島,Breaker Island,
布雷頓島,Breton Island,
威爾頓島,Q533012,
帕什曼島,Pašman,
安妮特島,Annette Island,
天使島,Angel Island,
加瓦島,Gaua,
翁通爪哇環礁,Ontong Java Atoll,
南羅納德賽島,South Ronaldsay,
羅特尼斯島,Rottnest Island,
阿米尼,Amini Island,
達納島,Danna,
哈伯島 (西雅圖),Harbor Island,
卡什坦基島,Q4338815,
黑岛,Kuroshima,
拉瓦錫島,Lavoisier Island,
布里克沃特島,Breakwater Island,
富代島,Fuday,
桑格島,Sangir Island,
弗亞格莫爾島,Fuaigh Mòr,
燒尻島,Yagishiri Island,
外磕脚,Waikejiao,
荷包岛,Hebao island,
桑德雷島,Sandray,
坎伯蘭島,Cumberland Island,
錢斯岩,Chance Rock,
錢德勒島,Chandler Island,
布蘭島,Brandsø,
錫爾島,Seil,
馬什島 (路易斯安那州),Marsh Island,
威利斯島,Willis Island,
大根島,Daikon Island,
南威岛,Spratly Island,
帕薩雷爾島,Pasarel Island,
馬鐵加,Mateika,
龍格島,Rongé Island,
阿里岩礁,Q3622591,
安加莫斯島,Angamos Island,
帕特里西奧林奇島,Patricio Lynch Island,
曼努埃爾羅德里格斯島,Manuel Rodriguez Island,
約克公爵島,Duke of York Island,
胡安吉列爾莫斯島,Juan Guillermos Island,
豪爾赫蒙特島,Jorge Montt Island,
隆加島,Longa Island,
阿庫尼亞島,Acuña Island,
阿古爾托岩,Agurto Rock,
阿德利島,Ardley Island,
布魯克林島,Brooklyn Island,
朱家尖岛,Zhujiajian Dao,
秀山岛,Xiushan Dao,
巴佐維島,Q612230,
拉迪格岛,La Digue,
伦贝岛,Lembeh,
格拉西奧薩島,Graciosa,
阿波島,Apo Island,
馬凱莫環礁,Makemo,
阿里德島,Aride Island,
小德爾韋尼克島,Drvenik Mali,
拉斯舒阿島,Rasshua,
阿努阿努倫加環礁,Anuanurunga,
瓦普島,Ua Pu,
阿方斯環礁,Alphonse Atoll,
馬克羅尼索斯島,Makronisos,
斯蒂爾島,Stil Island,
布洛頓島 (澳大利亞),Broughton Island,
比克頓島,Bickerton Island,
格尔贝尼岛,Kalpeni Island,
基利法雷沃島,Kilifarevo Island,
城岛,Stadsholmen,
阿博特島,Abbott Island,
庫金島,Cousin Island,
平離島,Hirabanarijima,
阿尼林島,Aniline Island,
布羅斯納漢島,Brosnahan Island,
塞諾拜特岩,Cenobite Rocks,
錫泰舍岩,Cetacea Rocks,
斯托寧頓島,Stonington Island,
雨果島,Hugo Island,
南曼尼圖島,South Manitou Island,
馬斯蒂克島,Mustique,
曼加瑞瓦島,Mangareva,
貝魯島,Beru Island,
阿波利马岛,Apolima,
中建岛,Triton Island,
安維爾岩,Anvil Rock,
桑達島,Sanda Island,
阿爾迪亞島,Aldea Island,
斯考塔塞島,Sgeotasaigh,
二沙島,Ersha Island,
法蘭茲約瑟夫島,Franc Jozeph Island,
布尔齐城堡,Bourtzi,
安島,Ann Island,
古宇利島,Kouri Island,
津堅島,Tsuken Island,
基瓦尤島,Kiwayu,
安特納島,Antenna Island,
安東島,Anton Island,
阿彭迪斯島,Apéndice Island,
鴨洲尾白墩排,Ap Chau Mei Pak Tun Pai,
貝舍韋斯島,Béchervaise Island,
挑戰者島,Challenger Island,
聖盧卡斯島,San Lucas Island,
薩尼特島,Isle of Thanet,
埃里斯凱島,Eriskay,
富爾尼群島,Fournoi Korseon,
德羅什島,Desroches Island,
澤斯波蒂科島,Despotiko,
阿帕塔基環礁,Apataki,
馬努斯島,Manus Island,
衢山岛,Q5009531,
塔布拉斯島,Tablas Island,
兄弟列岛,Adelfoi Islets,
芭雅岛,Pulau Payar,
韋德島,Väddö,
凱夫島,Cave Island,
福雅紀亞,Fuagea,
巴特勒島,Butler Island,
弗拉戈索島,Cayo Fragoso,
斯托什島,Stosch Island,
熊島,Bear Island,
雷克斯特倫島,Reksteren,
洛兰岛,Lolland,
阿爾科克島,Alcock Island,
阿爾法島,Alpha Island,
安布魯斯特岩,Armbruster Rocks,
阿波斯特勒菲島,Apostrophe Island,
阿波羅島,Apollo Island,
布羅卡島,Broka Island,
伯蒂斯島,Burtis Island,
中央島 (華盛頓州),Center Island,
卡瓦利爾岩,Cavalier Rock,
錢蒂克利厄島,Chanticleer Island,
奎蒂維島,Coëtivy Island,
奧克斯納島,Oxna,
屈里厄斯島,Curieuse Island,
普拉特島,Île Platte,
特科科塔環礁,Tekokota,
花岗岩岛,Granite Island,
費特勒島,Fetlar,
费利西泰岛,Felicite Island,
志林規島,Antsiferov Island,
拉維達島,Rábida Island,
青岛,Aogashima,
西之島,Nishinoshima Island,
大島 (宮城縣氣仙沼市),Ōshima,
鐵列列,Telele,
基勒拉島,Killegray,
喜靈洲,Hei Ling Chau,
萬吉萬吉島,Wangi-wangi Island,
帕帕島,"Papa, Shetland",
瑪麗安娜島,Marianne Island,
葛度爾島,Godøy,
古迪納夫島,Goodenough Island,
昂韋爾島,Anvers Island,
汤加塔布岛,Tongatapu,
馬勒庫拉島,Malakula,
韋塔島,Wetar,
塞西莉亞島,Cecilia Island,
丫洲,Centre Island,
埃格島,Egg Island,
切特列帕利察島,Chetyre Paltsa,
北長洲石,Adamasta Rock,
埃姆岩,Aim Rocks,
阿布拉普特島,Abrupt Island,
阿卻爾納島,Achernar Island,
阿爾法德島,Alphard Island,
卡巴漢島,Cabahan Island,
卡托敦岩,Catodon Rocks,
卡西島,Casy Island,
夏布里埃岩,Chabrier Rock,
沙莫島,Chameau Island,
卡拉依特岛,Calauit Island,
卡姆岩,Cam Rock,
卡普斯坦岩,Capstan Rocks,
查維斯島,Chavez Island,
科巴萊斯庫島,Cobalescou Island,
科尼島,"Coney Island, Lough Neagh",
小豆島,Azuki Island,
安德羅尼卡島,Andronica Island,
扯𢃇排,Che Lei Pai,
伯內特島,Burnett Island,
博溫島,Boving Island,
安德爾森島,Andersen Island,
阿斯托爾島,Astor Island,
貝爾岩,Bare Rock,
卡諾帕斯島,Canopus Island,
卡爾森島,Carlson Island,
丘貢諾夫島,Chugunov Island,
切爾尼島,Chërnyy Island,
克里斯廷島,Christine Island,
克里斯托弗·霍爾島,Christopher Hall Island,
查爾頓島,"Charlton Island, Antarctica",
川山群岛,Chuanshan Archipelago,
克洛島,Clow Island,
康帕斯島,Compass Island,
孔威島,Conway Island,
科弗島,Coffer Island,
科貝克群島,Colbeck Archipelago,
肯菲尤任島,Confusion Island,
戴維斯島,Davis Island,
銀洲,Flat Island,
伯姆盧島,Bømlo,
丹尼森島,Denison Island,
羅伯特森島,Robertson Island,
巴恩岩,Barn Rock,
伯克島,Burke Island,
比克島,Beak Island,
聖克萊門特島,Sveti Klement,
埃爾特沃格島,Ertvågsøy,
科羅溫島,Korovin Island,
納穆卡勞環礁,Q629098,
查普爾島,Chappel Island,
火石洲,Basalt Island,
長索,Cheung Sok,
蜜島,Ilha do Mel,
安德烈島,Andrée Island,
安德烈森島,Andresen Island,
原子岩,Atom Rock,
伯林島,Bearing Island,
阿維安島,Avian Island,
崩鼻洲,Bun Bei Chau,
卡雷拉岛,Carrera Island,
卡雷爾島,Carrel Island,
卡薩布蘭卡島,Casabianca Island,
奇奧尼斯島,Chionis Island,
洲仔角,Chau Tsai Kok,
康塞普申島 (巴哈馬),"Conception Island, Bahamas",
伊夫堡,château d'If,
普卡魯阿環礁,Pukarua,
阿基爾島,Achill Island,
青洲,Ilha Verde,
卡梅倫島,"Cameron Island, Antarctica",
多馬什尼島,Q3802719,
布揚島,Q3802696,
瑟略島,Sørøya,
溫特島,Winter Island,
姫島 (大分縣),Himeshima,
塞兰岛,Seiland,
福列翡克,Fualefeke,
鐵亞福亞利庫,Te Afualiku,
庫克島,Cook Island,
凱斯島,Case Island,
迭戈德阿爾馬格羅島,Diego de Almagro Island,
德瓦特島,Dewart Island,
巴洛島,Barlow Island,
安布羅斯岩,Ambrose Rocks,
亞瓦勞,Avalau,
奧斯汀岩,Austin Rocks,
阿斯普蘭島,Aspland Island,
阿特里塞普斯島,Atriceps Island,
巴拉特島,Barratt Island,
巴澤特島,Bazett Island,
班頓島,Banton Island,
伯內特岩,Burnette Rock,
布爾內斯島,Bulnes Island,
卡拉凱特岩,Caraquet Rock,
卡斯滕斯淺灘,Carstens Shoal,
班特島,Bunt Island,
斯圖火門島,Stumholmen,
查普曼岩,Chapman Rocks,
科諾島,Cono Island,
大衛島,David Island,
大洲岛,Dazhou Dao,
達爾文島,Darwin Island,
阿拉卡貝桑島,Ngerekebesang Island,
法圖伊瓦島,Fatu Hiva,
赫里斯島,Hrísey,
赫列布內島,Q3802703,
往灣洲,Double Island,
風頭鸚鵡島,Cockatoo Island,
布雷芒厄蘭訥島,Bremangerlandet,
塞拉島,Selaön,
翁古爾島,Ongul Island,
戴維森島,Davidson Island,
博基薩島,Bokissa,
埃斯梅拉達島,Esmeralda Island,
哈阿菲瓦島,Haʻafeva,
死人島,Deadman's Island,
布斯凱島,Bousquet Island,
格拉斯加爾島,Glasgal Island,
赤洲,Chek Chau,
比格爾島,Beagle Island,
奧德瑞島,Audrey Island,
巴布什金島,Babushkin Island,
巴貝爾岩,Babel Rock,
匙洲,Bay Islet,
巴扎諾島,Bazzano Island,
班迪島,Bandy Island,
沙拉島,Charlat Island,
克里斯托弗森島,Christoffersen Island,
奇斯曼島,Cheesman Island,
紹萊島,Cholet Island,
橫琴島,Hengqin,
達布島,Darboux Island,
德島 (南極洲),Day Island,
聖保羅島 (新斯科細亞省),St. Paul Island,
黄岩岛,Scarborough Shoal,
城堡岩,Castle Rock,
莫寧頓島,Mornington Island,
傑列維揚內島,Q3802716,
希特雷島,Q3802702,
馬蹄島,Horseshoe Island,
米斯庫島,Miscou Island,
阿吉拉島,Águila Islet,
孔特雷拉斯島,Contreras Island,
帕切科島,Pacheco Island,
博斯納島,Bosner Island,
菲古爾內島,Figurnyj island,
康尼島,Coney Island,
沃尔姆西岛,Vormsi,
禮文島,Rebun Island,
阿拉卡姆车臣岛,Arakamchechen Island,
巴爾比埃島,Barbière Island,
阿斯皮斯島,Aspis Island,
邦塞安島,Bansaan Island,
費爾普斯島,Phelps Island,
阿蒙森島,Ommundsen Island,
麥克馬林島,McMullin Island,
雪莉島,Shirley Island,
巴拉萊島,Balalae Island,
克拉丘比尤島,Claquebue Island,
克利夫島,Cliff Island,
德馬斯岩,De Mas Rocks,
德卡茲島,Decazes Island,
迪凯特岛,Decatur Island,
地質學群島,Géologie Archipelago,
奧利布島,Olib,
內利島,Nelly Island,
卡努安島,Canouan,
普賽里莫斯島,Pserimos,
韋伯島,Webb Island,
克魯格雷島,Q3802778,
利什尼島,Q3802783,
博利紹伊島 (拉普捷夫海),Q3802687,
奧布曼內島,Q3802823,
奧焦爾內島,Q3802832,
拉克塔島,Q3802859,
波普特內島,Q3802848,
洛帕斯特諾伊島,Q3802785,
涅扎梅特內島,Q3802812,
科洛博克島,Q3802769,
科爾加島,Q3802773,
莫爾斯科伊島,Q3802802,
諾維島,Q3802821,
謝韋爾內島 (傑米揚別德內群島),Q3802874,
謝韋爾內島 (弗斯特雷奇內埃群島),Q3802872,
尼科爾森島,Nicholson Island,
麥金太爾島,McIntyre Island,
伯克利島,Berkley Island,
貝爾塔島,Bertha Island,
皮羅若克島,Q638654,
博法島,Boffa Island,
奧德伯特島,Odbert Island,
比肯豪爾島,Birkenhauer Island,
霍林島,Hollin Island,
康沃尔岛,Cornwall Island,
巴爾沙島,Balsha Island,
貝克韋爾島,Bakewell Island,
比格洛岩,Bigelow Rock,
德阿特利島,DeAtley Island,
克雷拉塔亞島,Q3802779,
尤日內島 (弗斯特雷奇內埃群島),Q3802760,
尤日內島 (弗霍德內埃群島),Q3802761,
布利日尼島,Q3802682,
布利茲基島,Q3802679,
波沃羅特內島,Q3802850,
科洛科爾島,Q3802770,
馬奇托維島,Q3802794,
馬雷島 (北地群島),Q3802789,
赫林島,Herring Island,
克萊門茨島,Clements Island,
薩克島,Sack Island,
奧康納島,O'Connor Island,
韋謝尼島,Q633969,
圣克洛伊岛,Saint Croix,
比亞納爾森島,Bjarnason Island,
巴弗爾岩,Baffle Rock,
蓋耶岩,Guyer Rock,
阿拉努卡環礁,Aranuka,
阿拉帕瓦島,Arapawa Island,
于勒国家公园,Djurö National Park,
女士島,Frauenchiemsee,
弗亞島,Fuiay,
阿洛尼索斯島,Alonnisos,
尼茲基島,Q3802816,
伊茲緬奇維島,Q3802757,
克賴尼島,Q3802775,
大伊茲韋斯特尼亞科維島,Q3802688,
奈焦內什島,Q3802805,
巴扎爾島,Q3802673,
戈爾巴特島,Q3802742,
普斯托伊島,Q3802858,
普雷格拉日達尤希島,Q3802854,
格利尼斯特島,Q3802739,
諾維克島,Q3802822,
謝韋爾內島 (弗霍德內埃群島),Q3802871,
格里菲思島,Griffith Island,
艾瑪島,Emma Island,
薩爾沃拉島,Sálvora,
奧斯特拉爾島,Austral Island,
布利茲基島 (拉普捷夫海),Blizkij Island,
比爾島,Beall Island,
莫爾島,"Eilean Mòr, Crowlin Islands",
馬丁島,Isle Martin,
馬瑟韋島,Motherway Island,
克萊夫特島,Cleft Island,
別萊茨基島,Bielecki Island,
比利岩,Billie Rocks,
比利亞納島,Bilyana Island,
貝塔島,Beta Island,
德萊特島,Delaite Island,
迪島,Dee Island,
紐拉基塔島,Niulakita,
银龙岛,Yinlong Dao,
麗瑞島,Taro To,
聖勞倫斯島,St. Lawrence Island,
阿萊德島,Alaid Island,
甘達拉島,Gándara Island,
科捷利內島,Kotelny Island,
利涅伊內島,Q3802782,
斯利特島,Q3802878,
普雷格拉德納亞島,Q3802853,
格雷邊島,Q3802745,
涅扎梅特內島 (阿爾漢格爾斯克州),Q3802810,
科穆納爾島,Q3802771,
馬雷什島,Q3802790,
彼得森島,Peterson Island,
笛卡兒島,Descartes Island,
聖特爾莫島,San Telmo Island,
貝克島 (阿拉斯加州),Baker Island,
亨普希爾島,Hemphill Island,
奈爾斯島,Niles Island,
米德格雷島,Midgley Island,
莫爾霍姆島,Molholm Island,
阿里翁沙洲,Q633974,
聖瑪格麗塔島,Isla Santa Margarita,
阿拉蒂卡環礁,Aratika,
奧斯穆斯島,Osmussaar,
拜洛特岛,Bylot Island,
班科克羅,Banco Chinchorro,
比格斯島,Biggs Island,
德布唐特島,Debutante Island,
迪安岩,Dean Rocks,
蓋爾島,Guile Island,
克林島,Q3802766,
利金卡島,Q3802780,
卡普利亞島,Q3802762,
奧特克雷特島,Q3802831,
尼茲基島 (奈焦內什島附近),Q3802818,
帕茲德利內島,Q3802860,
斯波爾蒂夫內島,Q3802879,
格拉夫內島,Q3802738,
波特良內島,Q3802851,
科錫斯特島,Q3802774,
洪卡拉島,Honkala Island,
尼爾島 (阿拉斯加州),Near Island,
拉蒙島,Q3803025,
斯韋爾德洛瓦島,Q3803091,
格季島,Q3803004,
沙爾島,Q3803138,
紐科姆島,Q3803044,
羅伯遜島,Q3803058,
麥克納爾特島,Q3803038,
威爾遜島,Wilson Island,
扎希特納亞島,Zashchitnaya island,
布里巴里斯島,Preparis,
比弗島 (南極洲),Beaver Island,
巴羅斯岩,Barros Rocks,
巴里奧斯岩,Barrios Rocks,
戴維斯島,Q3802995,
克魯森島,Cruzen Island,
康沃爾島 (南極洲),Cornwall Island,
科納岩,Corner Rock,
聖克里斯托瓦爾島,Cristóbal Island,
戴安娜島,Diana Island,
帕馬納島,Pamana Island,
榆亚暗沙,Investigator Shoal,
多萊曼島,Dolleman Island,
達斯廷島,Dustin Island,
鄧洛普島,Dunlop Island,
哈弗韋島,Halfway Island,
赫德島,Head Island,
黑里克島,Hayrick Island,
希普島,Heap Island,
希爾德島,Heald Island,
海倫島 (努納福特),Helen Island,
長岩,Long Rock,
傑斐遜島,Q3803009,
切爾維亞克島,Q3803130,
布利斯島,Q3802985,
扎帕德內島,Q3802934,
扎貝特島,Q3802931,
斯科特凱爾蒂島,Q3803081,
普里切特島,Q3803056,
皇家學會島,Q3802967,
蒂洛島,Q3803094,
費爾斯曼島,Q3803001,
弗魯安群島,Froan,
奧富島,Ofu,
克雷森特島,Crescent Island,
斯托德島,Stord,
科夫岩,Cove Rock,
努庫勞島,Nukulau,
貝爾島,Q3802979,
炸藥島,Dynamite Island,
狄更斯岩,Dickens Rocks,
杜阿尼耶岩,Douanier Rock,
哈勒爾岩,Haller Rocks,
漢卡島,Hanka Island,
薩克島,Sark,
伊利莎伯島,Q3802999,
伊通島,Q3802998,
利史密斯島,Q3803028,
利金卡島 (法蘭士約瑟夫地群島),Q3803022,
奧曼尼島,Q3803048,
牛頓島,Q3803045,
特羅索島,Trossö,
科羅內申島 (阿拉斯加州),Coronation Island,
佩特雷爾島,Petrel Island,
赫奇霍格島,Hedgehog Island,
克拉吉島,Craggy Island,
韋萊因島,Werlein Island,
忒提斯島,Thetis Island,
巴里島,Barry Island,
科里島,Corry Island,
科維岩,Covey Rocks,
毀滅島,Destruction Island,
多西島,Dorsey Island,
戴門特島,Dyment Island,
迪穆蘭岩,Dumoulin Rocks,
洛恩岩,Lorn Rocks,
克拉根福島,Q3803014,
列瓦涅夫斯基島,Q3803029,
奇斯蒂科夫島,Q3803133,
恰索沃伊島,Q3803131,
戴維島,Q3802994,
托姆島,Q3803099,
托波爾科夫島,Q3803100,
梅伊別爾島,Q3803033,
涅爾帕島,Q3803042,
祖布島,Q3802938,
貝格豪斯島,Q3802982,
戈登島,Gordon Island,
費萊克羅力,Flekkerøy,
拉姆達島,Lambda Island,
啞鈴島,Dumbbell Island,
舍瑙島,Schoenau Island,
世界语岛,Esperanto Island,
貝德福德島,Bedford Island,
巴雷特島,Barrett Island,
巴里恩托斯島,Barrientos Island,
比弗岩,Beaver Rocks,
本蓋魯阿島,Benguerra Island,
貝爾丁島,Belding Island,
比爾島,Beer Island,
哈澤德岩,Hazard Rock,
克羅恩島,Crohn Island,
克勞奇島,Crouch Island,
居里島,Curie Island,
德里羅拉島,Derrywarragh Island,
多德島,Dodd Island,
迪亞蒙恩島,Diamonen Island,
通戈島,Tongo Island,
赫克曼島,Heckmann Island,
佩爾拉穆特羅維島,Q3803054,
向風島,Q3803111,
喬爾內島,Q3803134,
奧戈爾德島,Q3802973,
布羅米奇島,Q3802988,
扎博爾島,Q3802932,
梅伊島,Q3803036,
阿爾恩戈利達島,Q3802975,
弗因島,Foyn Island,
斯科蓋爾島,Skogerøya,
亞瑪土庫,Amatuku,
貝茨島,Bates Island,
威奇島,Wyche Island,
馬蒂爾達島,Isola di Matilda,
齊默爾曼島,Zimmerman Island,
岱山岛,Daishan Dao,
科莫倫特島,Cormorant Island,
鮑普雷斯岩,Bauprés Rocks,
庫林島,Couling Island,
科尼特島,Cornet Island,
丘布岩,Cube Rock,
克羅嫩韋特島,Cronenwett Island,
科厄爾島,Cowell Island,
柯里塔克島,Currituck Island,
多德曼島,Dodman Island,
多塞特岛,Dorset Island,
迪圖爾島,Detour Island,
迪埃格爾曼島,Dieglman Island,
漢納島,Hannah Island,
弗爾島,"Frøya, Sogn og Fjordane",
列斯科夫島 (南極洲),Leskov Island,
布羅姆斯基島,Buromskiy Island,
拉托諾島,Ratonneau,
伊薩琴科島,Q3803007,
利特克島,Q3803030,
哈雷島,Q3803005,
基奧特利察島,Q3803017,
尤里庫奇耶夫島,Q3803011,
布雷伊季島,Q3802987,
拉夫羅夫島,Q3803026,
馬厄島,Maher Island,
麥納馬拉島,McNamara Island,
布洛斯基門島,Blåskimen Island,
布萊克洛克島,Blaiklock Island,
戴克斯島,Dakers Island,
達萊斯島,Dales Island,
德尼奧島,Deniau Island,
多布羅沃爾斯基島,Dobrowolski Island,
德臣島,Dixson Island,
杜波依斯島,DuBois Island,
迪斯默爾島,Dismal Island,
赫德曼岩,Herdman Rocks,
努古里亞群島,Nuguria,
梅尼耶島,Menier Island,
默傑島,Merger Island,
馬萊塔島,Malaita,
森特里岩,Sentry Rocks,
舍蘭德島,Scholander Island,
沙格納斯蒂島,Shagnasty Island,
沙爾岩,Shull Rocks,
紹斯特拉普岩,Southtrap Rock,
夫婦岩,Meoto Rocks,
斯佳亞格島,Q3802886,
哈特岩,Hart Rock,
邁耶岩,Meyer Rock,
林奇島,Lynch Island,
麥圭爾島,McGuire Island,
漢森島,Hansen Island,
里瓦尼島,Rivanj,
多爾曼冰原島峰,Dallmann Nunatak,
多爾克島,Dålk Island,
东海岛,Donghai Island,
下川岛,Xiachuan Island,
杜法耶爾島,Dufayel Island,
哈科特島,Harcourt Island,
哈羅普島,Harrop Island,
哈茨霍恩島,Hartshorne Island,
赫羅伊納島,Heroína Island,
麥金農島,McKinnon Island,
勒格島,Lugg Island,
盧亞莫托,Luamotu,
梅拉斯島,Malus Island,
妻鳥島,Mendori Island,
梅洛納岩,Mellona Rocks,
海牛島,Sea Cow Island,
舒爾島,Schule Island,
沙洲 (香港),Sha Chau,
紹拉島,Shaula Island,
斯捷列古希島,Q3802885,
湯普森島,Thompson Island,
科派蒂克島,Kopaitic Island,
厄爾島,Earle Island,
布萊克島,Black Island,
泰甘島,Teigan Island,
伯格爾岩,Bergel Rock,
麥卡錫島,McCarthy Island,
高龙撒冷岛,Koh Rong Samlon,
丹尼爾島,"Daniel Island, Antarctica",
海峽石,Channel Rock,
斯庫亞島,Skua Island,
德米多夫島,Demidov Island,
登特勒島,Dendtler Island,
迪克西岩,Dixey Rock,
維薩福亞,Vasafua,
德里斯科爾島,Driscoll Island,
東巴德島,East Budd Island,
鷹島,"Eagle Island, Antarctica",
肖特島,Short Island,
山貓岩,Lynx Rocks,
西渡滩,Dido Bank,
麥克林島,Macklin Island,
曼斯帕爾島,Manciple Island,
梅恩塞爾岩,Mainsail Rock,
米切爾森島,Michelsen Island,
索耶島,Sawyer Island,
賽恩岩,Sayen Rocks,
石洲,Shek Chau,
斯基靈島,Skilling Island,
斯派德島,Spayd Island,
斯托羅熱沃伊島,Q3802888,
烏喬諾克島,Q3802911,
特魯德內島,Q3802910,
蘇羅維島,Q3802899,
蘇霍伊島,Q3802895,
克雷克島,Q3952559,
沙格岩,Shag Rock,
卡坎島,Kakan,
丹科島,Danco Island,
丁特島,Dint Island,
信天翁島,Diomedea Island,
德波島,Depot Island,
德比島,Derby Island,
德魯岩,Dru Rock,
杜柴拉德島,Duchaylard Island,
漢森岩,Hansen Rocks,
海伍德島,Heywood Island,
盧卡斯島,Lucas Island,
盧薩摩圖,Luasamotu,
曼肖特島,Manchot Island,
馬登島,Madden Island,
鯖魚島,Mackerel Island,
广金岛,Chenhang Island,
曼寧島,Manning Island,
馬努里島,Manoury Island,
梅霍爾門島,Meholmen Island,
伊迪島,Eadie Island,
Sermersut島,Sermersut Island,
姊妹石,Sisters' Rock,
斯基恩岩,Skeen Rocks,
斯拉姆基島,Slumkey Island,
浩特島,Isle au Haut,
伯納德岩,Bernard Rocks,
貝爾納島,Bernard Island,
Boang島,Boang Island,
布魯夫島,Bluff Island,
沙塘口山,Bluff Island,
德爾塔島,Delta Island,
德奎島,Dequey,
德巴克芒岩,Débarquement Rock,
德里姆島,Dream Island,
哈迪岩,Hardy Rocks,
哈里斯岩,Harris Rock,
希伯特岩,Hibbert Rock,
盧穆斯岩,Lumus Rock,
曼拿島,Mana Island,
梅高島,Megaw Island,
米克爾島,Mickle Island,
森德岩,Scend Rocks,
斯庫德岩,Scud Rock,
小鴉洲,Siu A Chau,
斯丘厄島,Skua Island,
斯帕諾島,Spano Island,
斯卡特里島,Inis Cathaigh,
索莱达岛,East Falkland,
維斯洛島,Wislow Island,
阿利庫迪島,Alicudi,
塔什島,Q3802905,
斯列德尼島,Q3802880,
斯列德尼島 (克拉斯諾夫洛特斯基埃群島),Q3802882,
斯列德尼島 (拉普捷夫海),Q3802883,
斯特列拉島,Q3802890,
維索基島,Q3802921,
珊瑚岛 (西沙群岛),Q6750981,
南森蒂納爾島,South Sentinel Island,
沃林頓島,Warrington Island,
斯圖爾特島,Stuart Island,
博布島,Bob Island,
本頓島,Benton Island,
烏拉圭島,Uruguay Island,
錫爾維亞岩,Silvia Rock,
索孔根島,Sokongen Island,
索爾斯特雷夫島,Solstreif Island,
斯佩爾特島,Spert Island,
斯平德里弗特岩,Spindrift Rocks,
斯珀特爾岩,Spirtle Rock,
斯坦普岩,Stump Rock,
周公島,Sunshine Island,
西嶼坪嶼,Xiyuping,
公爵島,Duke Island,
蒂拉公主島,Prinsesse Thyra Island,
米爾島,Mule Island,
黄尾屿,Q5354192,
莫爾島 (蘭加瓦特湖),"Eilean Mòr, Loch Langavat",
蘇伯哈因島,Eilean Sùbhainn,
法韋爾島,Farwell Island,
霍克島,Hawker Island,
河馬島,Hippo Island,
亞爾特島,Hjart Island,
霍姆斯島,Holmes Island,
奧斯卡港群島,Oskarshamn archipelago,
漢貝爾島,Humble Island,
霍斯特島,Host Island,
薩拉赫納馬島,Salahnama Island,
馬克岩,Marker Rock,
松山岩,Matsuyama Rocks,
馬修斯島,Matthews Island,
馬澤奧島,Mazzeo Island,
御木本真珠島,Mikimoto Pearl Island,
莫利納岩,Molina Rocks,
斯穆斯島,Smooth Island,
索利塔里奧島,Solitario Island,
薩默維爾島,Somerville Island,
方末島,Square End Island,
休梅茲島,Suemez Island,
斯特德特島,Stedet Island,
斯蒂爾島,Steele Island,
斯萬岩,Swan Rock,
燈籠洲,Tang Lung Chau,
赤尾嶼,Q5354453,
法爾斯島,False Island,
斯諾德格拉斯島,Snodgrass Island,
葫芦岛 (舟山),Q10513444,
斯芬克斯島,Sphinx Island,
伊麗薩岩,Eliza Rocks,
斯莫爾岩,Small Rock,
埃德曼島,Edman Island,
愛丁堡島,Edinburgh Island,
艾因斯特丁根島,Einstødingen Island,
艾肖爾斯特島,Eichorst Island,
沼島,Nushima,
埃米琳島,Emeline Island,
哈弗斯泰因島,Havstein Island,
大坦沙,Datansha,
哈比岩,Hobby Rocks,
胡德溫克島,Hoodwink Island,
霍普島,Hop Island,
伊福島,Ifo Island,
馬雷格拉夫島,Maregraphe Island,
西伯特岩,Siebert Rock,
斯普利特溫德島,Splitwind Island,
索根島,Sogen Island,
索托馬約爾島,Sotomayor Island,
瑟真島,Surgeon Island,
鹿屿,Dezhou Dao,
中岛 (西沙群岛),Middle Island,
北小島,Kita Kojima Island,
圣吉尔斯岛,Saint Giles Island,
斯夸爾島,Squire Island,
邁爾斯島,Miles Island,
伊登岩,Eden Rocks,
埃迪斯托岩,Edisto Rocks,
南小島,Minami Kojima Island,
法林頓島,Farrington Island,
霍諾雷斯岩,Honores Rock,
霍夫德島,Hovde Island,
因迪凱特島,Indicator Island,
馬鐡巴島,Marchinbar Island,
馬里霍姆島,Mariholm,
錫姆斯島,Sims Island,
熨波洲,"Middle Island, Hong Kong",
密奧斯溫地島,Mios Woendi,
穆爾加島,Mulga Island,
景宏岛,Sin Cowe Island,
斯納格岩,Snag Rocks,
索爾普雷薩岩,Sorpresa Rock,
斯派恩島,Spine Island,
斯普賴特利島,Sprightly Island,
斯塔滕島高地,Staten Island Heights,
斯托爾茨島,Stoltz Island,
瑟奇岩,Surge Rocks,
馬克島,Île Marc,
馬丁島,Martin Island,
中島 (愛媛縣),Nakashima,
昂船洲,Stonecutters Island,
京族三岛,Q6855184,
加沙群島,Q6852344,
凡弗爾島,Fanfare Island,
法列法圖,Fale Fatu,
哈什島,Hash Island,
海心島,Hoi Sham Island,
霍瓦特島,Horvath Island,
海德魯爾加岩,Hydrurga Rocks,
铜盘岛,Q10564299,
瑪格麗特島,Marguerite Island,
斯普里特島,Split Island,
全富岛,Quanfu Dao,
米爾恩斯島,Milnes Island,
芒洲,Mong Chau,
莫諾莫伊島,Monomoy Island,
蒙特拉韋勒岩,Montravel Rock,
辛普森岩,Simpson Rocks,
辛克岩,Sinker Rock,
佐爾格島,Sorge Island,
斯米格斯島,Smiggers Island,
斯坦頓島群,Stanton Group,
蘇蒂岩,Sooty Rock,
斯托克島,Stoker Island,
塔德波爾島,Tadpole Island,
韋阿島,Uea,
飛瀨,Q5354789,
晋卿岛,Q6788625,
南岛 (西沙群岛),Q6850299,
埃利厄姆島,Eillium Island,
沖北岩,Okinokita Rock,
法勞伊戈,Falaoigo,
墨圖羅亞,Motuloa,
霍金斯島 (阿拉斯加州),Hawkins Island,
埃萊娜島,Hélène Island,
因德雷霍弗德島,Indrehovdeholmen,
摩利島,Maury Island,
辛克萊島,Sinclair Island,
斯芬克斯岩,Sphinx Rock,
瑪麗島,Marie Island,
馬歇爾群島,Marshall Archipelago,
中沙洲,Middle Sand,
米拉迪諾維島群,Miladinovi Islets,
米拉日島,Mirage Island,
莫利久爾島,Molecule Island,
莫爾納岩,Molnar Rocks,
莫西尼奧島,Mousinho Island,
馬格島,Mugge Island,
斯莫爾島,Small Island,
納皮爾冰隆,Napier Island,
蒂爾島,Teall Island,
托爾高特島,Thorgaut Island,
特雷特島,Trout Island,
东瑁洲,Q10870787,
双帆石,Q10911983,
大洋山,Q10936356,
官山岛 (苍南),Q10948350,
埃姆岩,Emm Rock,
海馬島,Q11234719,
海豚岛,Q11286923,
霍姆斯岩,Holmes Rock,
七洲列岛,Qizhou Liedao,
三山头岛,Sanshantou Dao,
赤背北岛,Kita Kojima Island,
南果洲,South Ninepin Island,
大列山,Dalieshan,
大嶝岛,Dadeng,
大门岛,Damen Dao,
下島 (天草群島),Shimoshima,
費希爾島,Fisher Island,
伊凡斯島,Evans Island,
法納爾島,Final Island,
弗蘭克島,Flank Island,
弗勞德島,Flounder Island,
弗朗西斯島,Francis Island,
官洲岛,Guanzhou,
艾蘭斯角,Islands Point,
凱島,Kay Island,
穆雷島,Murray Island,
納傑日德島,Nadezhdy Island,
特利什岩,Telish Rock,
特賴波德島,Tripod Island,
洞头岛,Q10841363,
蛇島 (中國),Q10835273,
南港山 (温岭),Q10908507,
大峧山,Q10935179,
姥山岛,Q10943616,
馬卡魯克島,Magaruque Island,
兄島,Anijima,
加井岛,Jiajing Dao,
北果洲,North Ninepin Island,
复兴岛,Point Island,
彥島,Hikojima,
中之島 (島根縣),Nakanoshima,
久場島,Kuba Island,
萊特島,Wright Island,
摩根島,Morgan Island,
馬什魯姆島,Mushroom Island,
东洲岛,Q10870649,
大帆石,Q10935260,
大澳島,Q10936637,
埃斯泰岩,Estay Rock,
昂珀勒爾島,Empereur Island,
七美嶼,Qimei,
法蘭西岩,Français Rocks,
赫姆島,Hum Island,
特里斯坦島,Tristan Island,
莫倫西島,Morency Island,
莫雷諾岩,Moreno Rock,
摩圖及,Motugie,
納皮爾岩,Napier Rock,
塔圖爾島,Tatul Island,
塔圖什島,"Tatoosh Island, Washington",
探加戈,Tengasu,
蒂里齊斯島,Tirizis Island,
特雷克利亞諾島,Treklyano Island,
特里戈尼亞島,Trigonia Island,
特里普島,Tripp Island,
三蒜岛,Sansuan Dao,
勒加洲,La Ka Chau,
围夹岛,Weijia Dao,
大长山岛,Dachangshan Dao,
大长涂山,Dachangtu Shan,
大黑島 (厚岸町),Daikokujima,
佛羅倫薩島,Florence Island,
弗洛倫斯岩,Florence Rock,
皇帝島,Emperor Island,
埃普西隆島,Epsilon Island,
特羅布里奇島,Trowbridge Island,
伊克斯普雷斯島,Express Island,
上虎牙岛,Q10855760,
大柑山,Q10935910,
大鏟島,Q10938306,
莫里斯岩,Morris Rock,
鷹島 (長崎縣),Takashima,
韋爾奇島,Welch Island,
亨菲爾德岩,Henfield Rock,
南浦島,Nanpu Island,
東翁古爾島,East Ongul Island,
納布島,Nabboya,
納努亞島,Nanuya Lailai,
舒納島,"Shuna, Loch Linnhe",
鐵亞福雅夫,Te Afuafou,
托德斯圖爾岩,Toadstool Rocks,
托卡列夫島,Tokarev Island,
特雷維利安島,Trevillian Island,
特里韋爾皮斯島,Trivelpiece Island,
特蘭德爾島,Trundle Island,
洛溪島,Luoxi Island,
三都岛,Sandu Dao,
分界洲,"Boundary Island (Hainan, China)",
南田岛,Nantian Dao,
南碇岛,Nanding Dao,
大金山岛,Dajin Shan island,
大黑山岛,Daheishan Dao,
姊岛,Anejima,
休斯島,Hughes Island,
伊默京島,Emerging Island,
伊塔島,Eta Island,
佛堂洲,Fat Tong Chau,
艾斯特島 (阿拉斯加州),Esther Island,
費拉島,Fera Island,
菲茲金島,Fizkin Island,
卡爾帕島,Karpa Island,
交椅洲,Kau Yi Chau,
七星岛,Q10864638,
三河岛,Q10866335,
东碇岛,Q10870828,
南台岛,Q10907118,
大襟島,Q10873636,
穆迪島,Moody Island,
中鳥島,Nakanotorishima,
威廉斯岩,Williams Rocks,
薩姆岩,Thumb Rock,
哈莫克島,Hummock Island,
塔爾塔爾島,Tartar Island,
特克斯拉島,Teksla Island,
特萊豐岩,Telefon Rocks,
特里佩西島,Trepassey Island,
特里克斯特岩,Trickster Rocks,
特蘭迪島,Trundy Island,
佛渡岛,Fodu Dao,
八卦洲 (南京),Bagua Zhou,
六横岛,Liuheng Dao,
双帆,Shuangfan,
大利島,Tai Lei,
妈屿,Mayu Dao,
妹岛,Imōtojima,
埃溫島,Ewing Island,
凤鸣岛,Fengming Island,
法他托,Fatato,
弗勒呂斯島,Fleurus Island,
弗萊恩島,Flein Island,
費爾塞特島,Felsite Island,
弗雷德里克岩,Frederick Rocks,
斯特平岩,Stepping Stones,
島嶼城市,"Island City, Fukuoka",
卡姆島,Karm Island,
卡托格拉福夫島,Kartografov Island,
內斯特靈岩,Nestling Rock,
托格森島,Torgersen Island,
諾德島,Nord Island,
諾斯特島,Nost Island,
史蒂芬島,Stephen Island,
斯蒂佩爾岩,Stipple Rocks,
斯蒂尼爾島,Stinear Island,
青洲 (清水灣),"Steep Island, Hong Kong",
特諾里奧岩,Tenorio Rock,
豐島 (香川縣),Teshima,
索德島,Thode Island,
兩峰島,Two Summit Island,
安伯島,Umber Island,
井島,Ishima,
內斯島,Nesøya (Antarctica),
淇澳岛,Qi'ao Dao,
弗拉特島,Flutter Island,
福里斯特島,Forrester Island,
加維奧廷岩,Gaviotín Rock,
富爾默島,Fulmar Island,
弗里喬夫島,Fridtjof Island,
格迪徹斯岩,Gedges Rocks,
吉伯斯岩,Gibbous Rocks,
諾蒙島,Gnomon Island,
內利島,Inner Lee Island,
巴托洛梅島,Isla Bartolomé,
賈吉島,Jagged Island,
賈吉德岩,Jagged Rocks,
雅基諾岩,Jacquinot Rocks,
喬納森島,Jonassen Island,
維曼島,Newman Island,
卡姆倫島,Kamelen Island,
卡莫爾塔島,Kamorta,
伊巴爾岩,Ibar Rocks,
詹妮島,Jenny Island,
牙鷹洲,Nga Ying Chau,
尼爾森島,Nilsen Island,
諾布爾岩,Noble Rocks,
諾馬德岩,Nomad Rock,
諾斯特拉普岩,Northtrap Rocks,
史蒂文森島,Stevenson Island,
斯蒂文頓島,Steventon Island,
鐵布卡維利維利,Tepuka Vili Vili,
托馬斯島,Thomas Island,
梁横山,Liangheng Shan,
尼爾遜岩,Nelson Rock,
特納島,Turner Island,
龜山 (達濠),Q11181989,
下虎牙岛,Q11402223,
龍珠島,Pearl Island,
富恩特岩,Fuente Rock,
福南馬努,Funamanu,
傑拉許島,Gerlache Island,
岡薩雷斯島,González Island,
格奇島,Goetschy Island,
諾姆島,Gnome Island,
伊里薩爾島,Irizar Island,
因特克倫斯島,Intercurrence Island,
因維瑟布爾島,Invisible Island,
岡薩洛島,Isla Gonzalo,
傑斯特岩,Jester Rock,
耶布森岩,Jebsen Rocks,
尼德爾島,Needle Island,
約納島,Jona Island,
卡比萊島,Kabile Island,
內拉島,Nella Island,
斯皮尤姆島,Spume Island,
尼茲尼克島,Niznik Island,
斯蒂爾韋爾島,Stillwell Island,
塔拉島,Thala Island,
泰西耶島,Teyssier Island,
錫博爾特島,Thiébault Island,
烏克森島,Uksen Island,
枕頭洲,Cham Tau Chau,
枸杞岛,Gouqi Dao,
鳥嶼,Niao,
鵜居島,Yururitō,
諾威島,Novyy Island,
約翰遜島,Johnson Island,
格特魯德岩,Gertrude Rock,
諾蘭島,Nolan Island,
雅各布斯島,Jacobs Island,
圖雷特島,Turret Island,
福爾蘭島,Foreland Island,
弗雷德里克森島,Fredriksen Island,
格德勒島,Girdler Island,
八島 (山口縣),Yashima,
東吉嶼,Dongji,
京格爾島,Jingle Island,
金克斯島,Jinks Island,
約翰島 (南卡羅萊納州),"Johns Island, South Carolina",
豪爾赫島,Jorge Island,
猶大岩,Judas Rock,
朱里恩島,Jurien Island,
利米特羅夫島,Limitrophe Island,
拉姆斯島,"Ram's Island, Northern Ireland",
普里昂島,Prion Island,
肖特卡特島,Shortcut Island,
內肖爾門島,Nesholmen Island,
烏弗斯島,Ufs Island,
杉排,Cham Pai,
海陵岛,Hailing Dao,
黄礁岛,Huangjiao Dao,
圣何塞岛,San José Island,
斯托科亞,Stokkøya,
弗賴爾島,Friar Island,
福爾德島,Fold Island,
福勒島,Fuller Island,
斯特納島,Sterna Island,
吉布內島,Gibbney Island,
吉洛克島,Gillock Island,
戈列夫島,Gorev Island,
沃荷斯島,Ivuhos Island,
韋爾布柳德島,Verblyud Island,
吉貝嶼,Jibei Island,
金沙洲,Jinshazhou,
朱伯特岩,Joubert Rock,
基德森島,Kidson Island,
科伊肯岩,Keuken Rock,
赫馬拉島,Khmara Island,
广鹿岛,Q11062598,
江南山,Q11133800,
羅戈曾島,Rogozen Island,
諾布島,Nob Island,
溫格島,Unger Island,
諾克爾島,Nokkel Island,
大島 (福岡縣),Ōshima,
圖坦加,Tutanga,
特維格岩,Twig Rock,
秋列尼群島,Tyulen'i Islands,
望安島,Wang'an,
歐文島,Irving Island,
將軍澳嶼,Jiangjun'ao,
洲仔岛,Zhouzai Dao,
鲁家峙,Lujiazhi,
獐子岛,Q6150340,
賈吉德島,Jagged Island,
詹姆斯岛 (圣胡安群岛),James Island,
傅里葉島,Fourier Island,
富勒岩,Fuller Rock,
地質學家島,Geologists Island,
岡特岩,Gaunt Rocks,
福亞羅巴,Fualopa,
塔布勒島,Table Island,
列寧格勒島,Leningradskiy Island,
君山,Junshan Island,
基林貝克島,Killingbeck Island,
沃爾切德勒姆島,Valchedram Island,
威廉斯科斯比群島,William Scoresby Archipelago,
青島 (愛媛縣),Aoshima,
馬毛島,Mageshima,
古爾丹島,Gourdin Island,
格列別尼島,Greben' Island,
格林岩,Green Rocks,
格倫登岩,Grunden Rock,
格林德岩,Grinder Rock,
格里姆岩,Grim Rock,
格雷島,Grey Island,
瓜諾島,Guano Island,
海驢島,Q11559418,
基爾島,Keel Island,
克洛岩,Klo Rock,
肯普岩,Kemp Rock,
牛山岛,Kiushan Tao,
宿霧島,Cebu,
科爾文島,Kolven Island,
胡桃島,Kurumi Island,
保和島,Bohol,
利島,Lee Island,
努瑟島,Nusser Island,
奧布萊恩島,O'Brien Island,
奧利特島,Ouellette Island,
帕韋永島,Pabellón Island,
帕達島,Padda Island,
親指島,Oyayubi Island,
伙頭墳洲,Town Island,
湯金島,Tonkin Island,
烏托爾門島,Utholmen Island,
齊奧爾科夫斯基島,Tsiolkovskiy Island,
弗奇岩,Verge Rocks,
瓦萊特島,Valette Island,
萬岩,Van Rocks,
懷特岩,Whit Rock,
布達島,Q11683859,
飛島,Q11665759,
粟島 (香川縣),Awashima,
能登島,Notojima,
高島 (長崎縣長崎市),Takashima,
沖之島,Okinoshima,
奧布賴恩島,O'Brien Island,
奧爾森島,Olson Island,
格蘭德島 (密西根州),"Grand Island Township, Michigan",
格羅托島,Grotto Island,
格雷島 (加拿大),Groais Island,
凱利克島,Kellick Island,
基斯因奇,Keith Inch,
基隆嶼,Keelung Islet,
凱澤島,Kizer Island,
肯德爾岩,Kendall Rocks,
克羅什卡島,Kroshka Island,
科沙瓦島,Koshava Island,
勒庫安特島,Lecointe Island,
奴奴干島,Nunukan Island,
奧科爾岩,Okol Rocks,
奧爾德羅伊德島,Oldroyd Island,
奧爾當島,Oldham Island,
外利島,Outer Lee Island,
奧島,Osoya,
納恩島,Nunn Island,
諾沃薩德島,Novosad Island,
佩申斯岩,Patience Rocks,
白洲,Pak Chau,
托納格島,Tonagh Island,
特蘭斯弗斯島,Transverse Island,
尤斯弗爾島,Useful Island,
范哈爾森島,Van Hulssen Island,
韋爾吉洛夫岩,Vergilov Rocks,
威利瓦岩,Williwaw Rocks,
鯨背岩,Whaleback Rocks,
黑髪島,Kurokamijima,
伽馬島,Gamma Island,
奈特島,Knight Island,
厄珀島,Upper Island,
格羅夫斯島,Groves Island,
大麥克拉爾島,Greater Mackellar Island,
守護岩,Guardian Rock,
格薩拉加島,Guesalaga Island,
基普岩,Keep Rock,
基特尼島,Kitney Island,
克羅克島,Krok Island,
克羅格島,Krogh Island,
罐杉環,Kwun Cham Wan,
洛韋布魯瓦島,Lavebrua Island,
奧利弗島,Oliver Island,
安古加滕島,Ongulgalten Island,
奧爾嫩岩,Ornen Rocks,
烏姆島,Oom Island,
托特島,Tot Island,
青洲 (葵青區),Tsing Chau,
溫多島,Window Island,
格雷戈里島,Gregory Island,
歐文島,Owen Island,
特納鮑特島,Turnabout Island,
甘德島,Gand Island,
古弗努爾島,Gouverneur Island,
筆石島,Graptolite Island,
格雷尼歇島,Gränicher Island,
格林內爾島,Grinnell Island,
格雷姆林島,Gremlin Island,
九龍石,Kowloon Rock,
克朗島,Klung Island,
奈特岩,Knight Rocks,
科埃奇林島,Koechlin Island,
艾里歐里王國,Kingdom of Elleore,
努姆巴特島,Numbat Island,
納普金斯島,Nupkins Island,
奧爾蒂斯島,Ortiz Island,
奧龍賽島 (蘇納特灣),"Oronsay, Loch Sunart",
香港離島,"Outlying Islands, Hong Kong",
巴斯德島,Pasteur Island,
帕特拉島,Patella Island,
托波格拉福弗島,Topografov Island,
塔普曼島,Tupman Island,
湯格岩,Tongue Rocks,
弗傑泰申島,Vegetation Island,
瓦格倫特島,Vagrant Island,
懷廷岩,Whiting Rocks,
奧爾島,Orr Island,
格雷斯岩,Grace Rock,
加尼特岩,Garnet Rocks,
高迪爾島,Goudier Island,
利格岩,League Rock,
克爾納岩,Koerner Rock,
奈特島 (阿拉斯加州),Knight Island,
威岛,Koh Wai,
肯特島,"Kent Island, Maryland",
考拉島,Koala Island,
克拉默島,Kramer Island,
勞夫島,Lauff Island,
勞塔羅島,Lautaro Island,
努庫薩瓦列法列,Nukusavalevale,
公雞島,Ondori Island,
奧拉夫岩,Oluf Rocks,
奧特洛岩,Outlaw Rock,
翁古卡文島,Ongulkalven Island,
帕斯卡島,Pascal Island,
科爾岩,Koll Rock,
圖岩,Tu Rocks,
圖基島,Tukey Island,
厄欽岩,Urchin Rock,
溫內呂斯科倫島,Unneruskollen Island,
韋爾特島,Verte Island,
巴布亞島,Papua Island,
帕拉拉克蒂克島,Parallactic Island,
佩爾岩,Per Rock,
潘當島,Pandang Island,
珀奇島,Perch Island,
外伶仃島,Wai Lingding Island,
普賴爾島,Prior Island,
菲爾波茨島,Philpots Island,
龙穴岛,Longxue Dao,
奎爾普岩,Quilp Rock,
比道雷岩,Vidaurre Rock,
沃登岩,Warden Rock,
維達爾岩,Vidal Rock,
沃里納島,Warriner Island,
西巴德島,West Budd Island,
拉馬克島,Lamarck Island,
朗霍弗島,Langhofer Island,
Latouche島,Latouche Island,
萊西德倫島,Lesidren Island,
潘帕島,Pampa Island,
佩布利馬德斯通島,Pebbly Mudstone Island,
佩斯基岩,Pesky Rocks,
珀爾島,Pear Island,
班島,Peine Island,
平恩島,Pinn Island,
皮格岩,Pig Rock,
菲爾斯島,Phils Island,
菲塞特岩,Physeter Rocks,
香蕉屿,Pisang Island,
奎里島,Query Island,
波帕島,Popa Island,
波里亞金島,Poryadin Island,
波特梅斯岩,Potmess Rocks,
龐頓島,Ponton Island,
沃爾默島,Vollmer Island,
沃爾沙姆岩,Walsham Rocks,
維厄格島,Vieugue Island,
西福爾島,Vestfold Island,
韋爾納島,Verner Island,
瓦特島,Wattle Island,
星期三島,Wednesday Island,
伍爾帕克島,Woolpack Island,
沃克曼岩,Workman Rocks,
扎瓦拉島,Zavala Island,
放鸡岛,Q7232253,
鲎藤礁,Q7188706,
凤凰岛,Phoenix Island,
普拉托島,Plato Island,
蒂多雷,Tidore Island,
皮頓島,Piton Island,
沃倫島,Warren Island,
萊維島,Levy Island,
普雷斯頓島,Preston Island,
勒梅爾島,Lemaire Island,
浪中島,Lang Tengah Island,
连岛,Dongxi Liandao,
連圖爾岩,Lientur Rocks,
林登貝格島,Lindenberg Island,
佩阿日島,Peage Island,
佩爾森納島,Pelseneer Island,
帕蒂贊島,Partizan Island,
皮珀爾斯岩,Peoples Rocks,
大榭岛,Daxie Dao,
普萊斯島,Plaice Island,
普雷沃特島,Prevot Island,
普賴雷斯島,Prioress Island,
達格馬公主島,Prinsesse Dagmar Island,
齊格扎格島,Zigzag Island,
基窪島,Wadmalaw Island,
維托岩,Vietor Rock,
若雞島,Wakadori Island,
威特曼島,Wittmann Island,
沃蘭島,Wollan Island,
茲納緬斯基島,Znamenskiy Island,
茲維里諾島,Zverino Island,
埃門島,Emen Island,
馬斯特伊拉島,Masteyra Island,
珍珠岩 (南極洲),Pearl Rocks,
橫洲 (西貢),Wang Chau,
伍德島,Wood Island,
小磨刀,Siu Mo To,
彼特森島,Petersen Island,
拉貝岩,Labbe Rock,
欖洲,Lam Chau,
萊帕德島,Leopard Island,
佩拉爾塔岩,Peralta Rocks,
福克島,Phoque Island,
皮尼羅島,Pinero Island,
高塘岛,Gaotang Dao,
費爾普斯岩,Phelps Rock,
普蘭克島,Pranke Island,
昆塔納島,Quintana Island,
威克納姆島,Wakenaam,
懷特姆島,Withem Island,
沃姆巴特島,Wombat Island,
元洲仔,Yuen Chau Tsai,
扎倫博島,Zarembo Island,
澤代基島,Za Det Gyi Island,
安蒂洛普島,Antelope Island,
路易斯島 (戴維斯灣),Lewis Island,
拉格朗日島,Lagrange Island,
潟湖島,Lagoon Island,
派恩島,Pine Island,
鬼界島,Q8193619,
拉格德角,Laggard Island,
拉耶島,Lahille Island,
蘭普盧島,Lamplugh Island,
蘭德勒姆島,Landrum Island,
利米特岩,Limit Rock,
林佩特島,Limpet Island,
萊肯島,Lichen Island,
拉戈島,Largo Island,
巴巴艾利斯,Papa Elise,
佩諾拉島,Penola Island,
佩爾森島,Persson Island,
佩蒂岩,Petty Rocks,
俾格米岩,Pigmy Rock,
普法夫島,Pfaff Island,
平溫島,Pingvin Island,
皮克維克島,Pickwick Island,
皮拉島,Pila Island,
皮普金岩,Pipkin Rock,
皮提亞島,Pythia Island,
弗霍德諾伊島,Vkhodnoy Island,
瓦達島,Waadah Island,
韋群島,Way Archipelago,
西沙洲,West Sand,
韋勒島,Weller Island,
韋爾特曼島,Weertman Island,
溫斯洛岩,Winslow Rock,
楚克里格爾島,Zukriegel Island,
渔山列岛,Yushan Island,
齊利岩,Zélée Rocks,
厄于加倫島群,Øygarden Group,
飛揚島,Biyangdo,
丘科韋澤爾島,Chukovezer Island,
拉普拉斯島,Laplace Island,
萊奧尼島,Leonie Island,
拉孔謝島,La Conchée,
拉庫納島,Lacuna Island,
拉戈特萊里島,Lagotellerie Island,
拉法基岩,Lafarge Rocks,
拉克蒂奧諾夫島,Laktionov Island,
拉魯伊島,Larrouy Island,
琉球嶼,Lamay Island,
利亞德島,Liard Island,
利伯蒂岩,Liberty Rocks,
小麥克拉爾島,Lesser Mackellar Island,
小金龟子岛,Q15916285,
覺華島,Q15916557,
赤头岛,Q15914203,
鲳鱼岛,Q15914793,
鸟卵岛,Q15915739,
龙珠岛 (钓鱼岛及其附属岛屿),Q15916187,
洲仔頭,Q15940702,
稻挑山,Q15944223,
險礁嶼,Xianjiao Island,
狗髀洲,Kau Pei Chau,
刺猬岛,Q15916434,
北屿仔岛,Q15924538,
卧蚕岛,Q15916370,
大雁岛,Q15916437,
小珠岛,Q15916253,
海龟岛,Q15914839,
燕子岛,Q15916435,
牛蹄岛,Q15916410,
石城岛,Q15941122,
西牛角岛,Q15916298,
长洲岛 (梧州),Q15934190,
青海湖鸟岛,Q15939846,
龙门岛,Q15914611,
养马岛,Yangma Dao,
厦门岛,Xiamen Island,
东牛角岛,Q15916297,
卧龙岛,Q15915371,
大珠岛,Q15916254,
小元宝岛,Q15925270,
小鸟岛,Q15915985,
小龙岛,Q15916438,
赤背南岛,Q15915768,
飞龙岛,Q15914965,
鸟巢岛,Q15916001,
西鼓岛,Q15951224,
羊洲,Yeung Chau (Sai Kung),
西瑁洲,Xi Dao,
小黄鱼岛,Q15916186,
海星岛,Q15915094,
赤背东岛,Q15914850,
达濠岛,Q15935967,
金龙岛,Q15915877,
黄牛岛,Q15916369,
龙头鱼岛,Q15915038,
迪爾艾爾島,Deer Isle,
飯甑洲,Conic Island,
大金龟子岛,Q15916180,
海贝岛,Q15916508,
牛尾岛,Q15916387,
礼乐南滩,Q15940637,
黄姑鱼岛,Q15916216,
哈里島,Harry Island,
德弗爾島,Devil Island,
洛博敦島,Lobodon Island,
薩蒙島,Salmon Island,
桶盤嶼,Tongpan,
虾峙岛,Xiazhi Dao,
龐塞島,Ponce Island,
普勞德島,Proud Island,
里斯克岩,Risk Rock,
卡帕島,Kappa Island,
哈恩島,Hahn Island,
西中岛,Xizhong Island,
登步岛,Q16078421,
大黄龙岛,Dahuanglong Dao,
江心屿,Jiangxin Yu,
亨普斯島,Humps Island,
格德島,Gerd Island,
洛凱特島,Locator Island,
瓊島,June Island,
米達斯島,Midas Island,
要島,Kaname Island,
賈森島,Jason Island,
羅密歐島,Romeo Island,
邁波島,Maipo Island,
辛格爾島,Single Island,
阿曼岛,Pulau Aman,
馬蘭加島,Maranga Island,
蓬勃暗沙,Q7212056,
针头岩,Q7202775,
特雷比什特島,Trebishte Island,
小金山岛,Xiaojin Shan,
花岙岛,Hua'ao Dao,
影島,Yeongdo,
大倉嶼,Dacang,
鸭公岛,Yagong Dao,
洛奇岩,Lodge Rock,
桂山島,Guishan Island (Zhuhai),
梅山岛,Meishan Dao,
波德岩,Pod Rocks,
邦邦島,Pom Pom Island,
里德利島,Ridley Island,
渡島大島,Oshima Ōshima,
羅斯唐島,Rostand Island,
懷亞特島,Wyatt Island,
伊瑟爾特島,Yseult Island,
雅各比島,Yakobi Island,
員貝嶼,Yuanbei Island,
海蒂岩,Hetty Rock,
花鼓岛,Huagu Dao,
吉甘蒂斯島,Giganteus Island,
柯頓島,Kirton Island,
龜島,Kame Island,
斯努賓島,Snubbin Island,
索爾達特島,Soldat Island,
長島 (阿拉斯加州),Long Island,
長石咀,Cheung Shek Tsui,
里奇島,Ridge Island,
沙坦島,Sabtang Island,
利沃尼亞岩,Livonia Rock,
聖約瑟夫島,St. Joseph Island (Ontario),
普洛格島,Plog Island,
皮熱岩,Puget Rock,
蘭布勒島,Rambler Island,
蘭維克島,Ranvik Island,
安古迦岛,Unguja,
拉德莫斯岩,Rudmose Rocks,
福尼爾島,Fournier Island,
于特雷霍弗德霍爾門島,Ytrehovdeholmen Island,
圓洲角,Yuen Chau Kok,
加爾奇島,Gulch Island,
蒙日島,Monge Island,
珍珠渡假村,Vinpearl,
埃特納島,Etna Island,
亨普島,Hump Island,
霍爾島,Houle Island,
保德島,Powder Island,
馬爾羅伊島,Mulroy Island,
巴斯克斯島,Vázquez Island,
克拉克島,Clarke Island (Tasmania),
獅島,Lion Island,
佩特雷利克島,Petrelik Island,
弗羅莫斯島,Vromos Island,
长白岛,Changbai Dao,
拉吉德島 (努納福特),Ragged Island,
利科馬島,Likoma Island,
利普斯島,Lipps Island,
塞爾岩,Sail Rock,
拉扎島,Raza Island,
羅薩梅爾島,Rosamel Island,
魯島,Roux Island,
聖何塞島 (德克薩斯州),San José Island,
羅島,Row Island,
懷克島,Wyck Island,
中屯島,Zhongtun,
努烏薩菲埃島,Nu'usafe'e Island,
默利島,Dawei Island,
別列贊島,Berezan Island,
茂提法拉,Mulitefala,
天才小釣手,Watson Island,
硇洲岛,Naozhou Dao,
本滕島,Benten Island,
水面島,Minamo Island,
豆島,Mame Island,
蘇特爾島,Suter Island,
亨特岛,Hunter Island,
林克島,Link Island,
里斯本島,Lisboa Island,
洛貝爾島,Lobel Island,
茅埏岛,Maoshan Dao,
北岛 (西沙群岛),North Island,
普日貝謝夫斯基島,Przybyszewski Island,
蒲加薩維利維利,Pukasavilivili,
拉德福德島,Radford Island,
拉利耶島,Rallier Island,
蘭德爾岩,Randall Rocks,
塞夫蒂島,Safety Island,
薩科爾島,Sacol Island,
薩利岩,Sally Rocks,
薩納維龍島,Sanavirón Island,
平沙岛,Q20688355,
約克島,Yoke Island,
火藥洲,Magazine Island,
小門嶼,Xiaomen,
灵昆岛,Lingkun Dao,
吉多島,Guido Island,
基霍爾島,Keyhole Island,
蓋普拉特島,Guépratte Island,
霍科倫島,Håkollen Island,
尼格岩,Nigg Rock,
蘭島,Lang Island,
莫利莫克島,Mollymawk Island,
翁格利島,Ongley Island,
斯坦內曼島,Steinemann Island,
特里格韋爾島,Trigwell Island,
韋伯島,Webber Island,
小萬山島,Xiaowanshan Dao,
道士冠岛,Q15894274,
迪亞斯岩,Diaz Rock,
拉克利察島,Raklitsa Island,
斯文岩,Sven Rock,
觀仔,Kwun Tsai,
虎井嶼,Hujing,
沙島 (夏威夷州),Sand Island,
拉斯穆森島,Rasmussen Island,
波爾霍爾門島,Pollholmen,
官山岛 (岱山),Q10209536,
花嶼,Hua,
赫弗泰島,Heftye Island,
哈爾克,Q28465333,
霍華德島,Howard Island,
蛇蟠岛,Q17007334,
科瓦奇島,Kovach Island,
維拉列島,Vilare Island,
安厄里亞島,Andørja (island),
克里斯蒂安娜群島,Christiana Island,
麥克沃思岩,Mackworth Rock,
钱屿,Qianyu,
溫克爾島,Winkle Island,
阿利諾島,Alino Island,
迪內亞島,Dinea Island,
坦布拉島,Tambra Island,
普倫島,Pullen Island,
皮拉米德島,Pyramid Island,
皮羅克斯島,Pyrox Island,
克里夫斯島,Krivus Island,
波格列德茨島,Pogledets Island,
澤比爾島,Zebil Island,
高崖島,High Bluff Island,
勒圖爾島,Retour Island,
烏韋阿島,Ouvéa Island,
南鹏岛,Q22099153,
橫崗島,Henggang Dao,
科苏梅尔岛,Cozumel Island,
泰弗納德島,Thevenard Island,
哈特島 (努納福特),Hat Island (Victoria Strait),
伊斯克爾島,Oescus Island,
貝斯倫島,Beslen Island,
劉易斯島,"Louise Island, Antarctica",
格盧姆切島,Glumche Island,
灵山岛,Lingshan Dao,
望赤岛,Q17039990,
白沙岛,Q17038659,
秦山岛,Q17006081,
飞仔岛,Q17031459,
阿羅史密斯島,Arrowsmith Island,
克雷卡島,Kereka Island,
特梅努加島,Temenuga Island,
瓦貢迪島,Vaugondy Island,
里布尼克島,Ribnik Island,
拉普特瓦島,Lapteva Island,
馬勒島,Muller Island,
韋勒奈島,Velanai Island,
鲁家峙岛,Q18236879,
羅賓遜島群,Robinson Group,
星盤島,Astrolabe Island,
利富島,Lifou Island,
羅萊島,Rollet Island,
蘭布勒岩,Rumbler Rock,
呂厄岩,Ryge Rocks,
海狮岩,Q18400545,
漭洲,Q18654371,
帕貝島 (哈里斯島附近),"Pabbay, Harris",
盧邦島,Lubang Island,
丘里切尼島,Churicheni Island,
格羅德島,Grod Island,
富貴島,Phu Quy,
米申岩,Mission Rock,
艾奧納島,Iona Island (British Columbia),
索爾島,Thor Island,
雷德島,Reid Island,
普羅謝琴島,Prosechen Island,
琅岐岛,Langqi Dao,
绿华岛,Donglühua Dao,
瓦利岛,Vallisaari,
夕離,夕離,
枝手久島,枝手久島,
須子茂離,須子茂離,
东澳岛,Dong'ao Dao,
洲仔島,Q28411051,
倫帕島,Rumpa Island,
旗津島,Cijin Island,
澎湖本島,Penghu Main Island,
渔岛,Q17011052,
青草沙,Q17005962,
马迹山,Q17034063,
斯坦利島,Stanley Island,
虎島,Tiger Island,
大萬山島,Dawanshan Dao,
高登島,Gaodeng,
斯韋圖爾卡島,Svetulka Island,
熱迪納島,Redina Island,
博阿廷島,Boatin Island,
巴布倫島,Bablon Island,
倫利岩,Lonely Rock,
北兄弟島 (印度),"North Brother Island, India",
莫紐門特岩,Monument Rocks (Antarctica),
莫里斯島,Morris Island (Antarctica),
豪肯岩,Hauken Rock,
普里薩德島,Prisad Island,
丁克島,Dink Island,
皮薩尼察島,Pisanitsa Island,
羅古利亞特島,Rogulyat Island,
克內扎島,Knezha Island,
拉納韋島,Runaway Island,
西吉嶼,Xiji,
帕尔马斯岛,Miangas,
羅賓斯島,Robbins Island,
帕普岩,Pup Rock,
珀賴蒂茲島,Pyrites Island,
里拉克滕特島,Reluctant Island,
雷薩克島,Ressac Island,
羅熱岩,Roget Rocks,
羅梅羅岩,Romero Rock,
朗西曼岩,Runciman Rock,
蘭尼爾斯通岩,Runnelstone Rock,
薩韋德拉岩,Saavedra Rock,
東嶼坪嶼,Dongyuping,
目斗嶼,Mudou,
格林島,Green Island,
新岩,New Rock,
奧古斯特島,Auguste Island,
利夫島,Leeve Island,
洛夫岩,Loaf Rock,
Chub島,Chub Cay,
沃特克斯島,Vortex Island,
野狸岛,Yeli Island,
希特拉島,Q18535315,
奧塞諾夫拉格島,Osenovlag Island,
勒克岩,Lurker Rock,
洪布龍岩,Hombron Rocks,
卡洛蒂納島,Kalotina Island,
托列多島,Toledo Island,
伊梅林島,Imelin Island,
梅利亞內島,Melyane Island,
白瀝島,Baili Dao,
玉环岛,Yuhuan Dao,
南面掛嶼,Nanmiangua,
帕澤爾群島,Puzzle Islands,
Ta'ū島,Tau,
渡名喜島,Tonaki Island,
獅島,"Lion Island, Géologie Archipelago",
里夫島,Reeve Island,
雷德費恩島,Redfearn Island,
雷夫斯內斯島,Revsnes Island,
羅莎岩,Rosa Rock,
哈欽森島 (南極洲),Hutchinson Island,
姑婆嶼,Gupo Island,
庙湾岛,Miaowan Dao,
戴諾島,D'Hainaut Island,
薩爾礁,Cay Sal,
蒂斯特納島,Tustna,
佩莱利乌岛,Q14752295,
霓屿岛,Niyu Dao,
布雷查島,Breccia Island,
小雞島,Hiyoko Island,
帕甘島,Pagan,
帕德雷島,Padre Island,
赫伯特島,Herbert Island,
西之岛,Nishinoshima Island,
卡薩托奇島,Kasatochi Island,
塞米索波奇諾伊島,Semisopochnoi Island,
比利蘭島,Biliran,
聖邁克爾島,St. Michael Island,
新岛,Nii-jima,
庫普列亞諾夫島,Kupreanof Island,
汝矣島,Yeouido,
耶罗岛,El Hierro,
马凯特岛,Märket,
詹姆斯岛,Kunta Kinteh Island,
聖海倫島,Saint Helen's Island,
皮塞拉,Pseira,
桑塔岩,Santa Rock,
威化岛,Wihwa Island,
因帕里拉島,Impalila,
塞瓜姆島,Seguam Island,
尤利亞加島,Uliaga Island,
查古拉克島,Chagulak Island,
卡維亞納島,Caviana,
珍宝岛,Zhenbao Island,
空氣島,Illa de l'Aire,
瑪麗路易絲島,Marie Louise Island,
斯里蘭格姆,Srirangam,
喃蒲岛,Ko Lamphu,
安科科島,Ankoko Island,
埃賴德島,Erraid,
菲多岛,île Feydeau,
迈瑙岛,Mainau,
聖米歇爾山,Mont Saint-Michel,
拉烏爾島,Raoul Island,
奧爾良島,Île d'Orléans,
安那西斯島,Annacis Island,
大西通島,Kutuzov Island,
梅吉特島,Mejit Island,
綾羅島,Rŭngrado,
白島 (紐西蘭),Whakaari / White Island,
基斯卡島,Kiska,
貝萊內島,Belene Island,
造船場島,Óbuda Island,
卢梭岛,Île Rousseau,
芬兰堡,Suomenlinna,
大岛,"Grande Île, Strasbourg",
拉帕爾瑪島,La Palma,
哈夫琉阿島,Hạf'liua,
西岱岛,île de la Cité,
麥卡錫島,MacCarthy Island,
瑪格麗特島,Margaret Island,
切佩爾島,Csepel Island,
努尼瓦克岛,Nunivak Island,
吉利島,Kili Island,
聖保羅島 (阿拉斯加),Saint Paul Island,
科茲洛杜伊島,Kozloduy Island,
聖邁克爾山,St Michael's Mount,
大錫特金島,Great Sitkin Island,
巴西島,Brazilian Island,
特内里费岛,Tenerife,
九段沙,Jiuduansha,
戈梅拉岛,La Gomera,
戈梅拉岛,Peñón de Vélez de la Gomera,
道格拉斯岛,Douglas Island,
斯特雷奇島,Střelecký island,
林迪斯法恩,Lindisfarne,
馬屎洲,Ma Shi Chau,
兒童島,Dětský Island,
瓦爾迪姆島,Vardim Island,
鴨脷排,Ap Lei Pai,
鹿島,Deer Island,
卡加米爾島,Kagamil Island,
大日特尼島,Žitný ostrov,
冲之鸟礁,Okinotorishima,
羅斯福島 (紐約),Roosevelt Island,
格兰德艾兰,Grand Island,
肯維島,Canvey Island,
古魯帕島,Ilha Grande do Gurupá,
莫菲爾島,Morfil,
外灘群島,Outer Banks,
蒙克里夫島,Moncreiffe Island,
象岛,Elephantine,
江心洲 (南京),Jiangxin Island,
特魯哈尼夫島,Trukhaniv Island,
斯托馬島,Stromay,
坎帕島,Kampa Island,
绸缎岛,Pidansom,
糖島 (密西根州),Sugar Island,
伊斯拉拉通,Isla Ratón,
雉島,Pheasant Island,
尤納斯卡島,Yunaska Island,
聖路易島,île Saint-Louis,
巴纳纳尔岛,Bananal Island,
馬格麗塔島,Margarita Island,
黄金坪,Hwanggumpyong Island,
風加法列,Fongafale,
波特兰岛,Isle of Portland,
塞杜杜岛,Kasikili,
法努瓦塔普島,Fanuatapu,
達羅斯島,D'Arros Island,
尼比什島,Neebish Island,
馬約爾島,Mayor Island / Tuhua,
阿祖奇亞島,Agilkia island,
伯利兹堡礁,Belize Barrier Reef,
米切爾島,Mitchell Island,
伊斯基亚,Ischia,
索維島,Sauvie Island,
格里姆賽島,"Grimsay, South East Benbecula",
台伯岛,Tiber Island,
