label,riverLabel,countryLabel
索索貢省,Sorsogon,Philippines
滨海省,Coast Province,Kenya
布拉干省,Bulacan,Philippines
阿克兰省,Aklan,Philippines
西部省,Western Province,Kenya
苏佩尔加山,Superga,Italy
比利兰省,Biliran,Philippines
瑪雅貝克省,Mayabeque Province,Cuba
阿爾特米薩省,Artemisa Province,Cuba
盧森堡省,Luxembourg,Belgium
马坦萨斯省,Matanzas Province,Cuba
甘烹碧府,Kamphaeng Phet,Thailand
春蓬府,Chumphon,Thailand
安特衛普省,Antwerp,Belgium
巴西兰省,Basilan,Philippines
瓦隆-布拉班特省,Walloon Brabant,Belgium
阿布拉省,Abra,Philippines
中爪哇省,Central Java Province,Indonesia
南苏门答腊省,South Sumatra,Indonesia
哥伦打洛省,Gorontalo Province,Indonesia
巴布亚省,Papua Province,Indonesia
厄德尔省,Iğdır Province,Turkey
阿尔特温省,Artvin Province,Turkey
阿德亚曼省,Adıyaman Province,Turkey
阿达纳省,Adana Province,Turkey
西弗兰德省,West Flanders,Belgium
上艾瑟尔省,Overijssel,Netherlands
海尔德兰省,Gelderland,Netherlands
三描礼士省,Zambales,Philippines
佛丕府,Phetchaburi,Thailand
南伊羅戈省,Ilocos Sur,Philippines
南苏里高省,Surigao del Sur,Philippines
帕府,Phrae,Thailand
塔威塔威省,Tawi-Tawi,Philippines
昆卡省,Cuenca Province,Spain
比提尼亞,Bithynia,ancient Rome
万丹省,Banten Province,Indonesia
中加里曼丹省,Kalimantan Tengah,Indonesia
东南苏拉威西省,Southeast Sulawesi Province,Indonesia
北苏拉威西省,North Sulawesi Province,Indonesia
北马鲁古省,North Maluku Province,Indonesia
南加里曼丹省,Kalimantan Selatan,Indonesia
北荷兰省,North Holland,Netherlands
呵叻府,Nakhon Ratchasima,Thailand
素攀武里府,Suphanburi,Thailand
布尔杜尔省,Burdur Province,Turkey
科尼亚省,Konya Province,Turkey
阿尔达汉省,Ardahan Province,Turkey
日惹特区,Special Region of Yogyakarta,Indonesia
亞齊,Aceh,Indonesia
凱恩州,Ayn,Somalia
蘇丹庫達拉省,Sultan Kudarat,Philippines
直隶,Zhili,Republic of China (1912–49)
恰纳卡莱省,Çanakkale Province,Turkey
阿爾瓦塞特省,Albacete Province,Spain
北苏门答腊省,North Sumatra Province,Indonesia
邦加-勿里洞省,Bangka Belitung Islands,Indonesia
西巴布亞省,West Papua Province,Indonesia
奥尔金省,Holguín Province,Cuba
博卢省,Bolu Province,Turkey
巴勒克埃西尔省,Balıkesir Province,Turkey
陶公府,Narathiwat,Thailand
三寶顏錫布格省,Zamboanga Sibugay,Philippines
丹轆省,Tarlac,Philippines
北苏里高省,Surigao del Norte,Philippines
南萊特省,Southern Leyte,Philippines
北三寶顏省,Zamboanga del Norte,Philippines
南三寶顏省,Zamboanga del Sur,Philippines
蘇祿省,Sulu,Philippines
埃迪尔内省,Edirne Province,Turkey
阿克萨赖省,Aksaray Province,Turkey
廖内群岛省,Kepulauan Riau,Indonesia
阿爾扎赫,Artsakh,Kingdom of Armenia
圣斯皮里图斯省,Sancti Spíritus Province,Cuba
比亚克拉拉省,Villa Clara Province,Cuba
卡尔斯省,Kars Province,Turkey
巴特曼省,Batman Province,Turkey
比特利斯省,Bitlis Province,Turkey
约兹加特省,Yozgat Province,Turkey
萨卡里亚省,Sakarya Province,Turkey
东弗兰德省,East Flanders,Belgium
北布拉班特省,North Brabant,Netherlands
中苏拉威西省,Central Sulawesi Province,Indonesia
北加里曼丹省,North Kalimantan,Indonesia
占碑省,Jambi Province,Indonesia
廖內省,Riau Province,Indonesia
楠榜省,Lampung Province,Indonesia
西努沙登加拉省,West Nusa Tenggara,Indonesia
雅加达,Jakarta,Indonesia
班武里府,Prachuap Khiri Khan,Thailand
安塔利亚省,Antalya Province,Turkey
阿菲永卡拉希萨尔省,Afyonkarahisar Province,Turkey
西加里曼丹省,Kalimantan Barat,Indonesia
裂谷省,Rift Valley Province,Kenya
列日省,Liège,Belgium
阿尔拜省,Albay,Philippines
那慕爾省,Namur,Belgium
泽兰省,Zeeland,Netherlands
俾路支斯坦省,Baluchistan,Pakistan
猜也奔府,Chaiyaphum,Thailand
南荷蘭省,South Holland,Netherlands
南哥打巴托省,South Cotabato,Philippines
程逸府,Uttaradit,Thailand
湖广,Huguang Province,People's Republic of China
卡加延省,Cagayan,Philippines
甲米府,Krabi,Thailand
代尼兹利省,Denizli Province,Turkey
凡城省,Van Province,Turkey
哈塔伊省,Hatay Province,Turkey
宾格尔省,Bingöl Province,Turkey
科贾埃利省,Kocaeli Province,Turkey
阿勒省,Ağrı Province,Turkey
迪亚巴克尔省,Diyarbakır Province,Turkey
阿马西亚省,Amasya Province,Turkey
德伦特省,Drenthe,Netherlands
廊磨喃蒲府,Nong Bua Lam Phu,Thailand
錫基霍爾省,Siquijor,Philippines
布尔萨省,Bursa Province,Turkey
比莱吉克省,Bilecik Province,Turkey
弗拉芒-布拉班特省,Flemish Brabant,Belgium
弗莱福兰省,Flevoland,Netherlands
乌得勒支省,Utrecht,Netherlands
弗里斯兰省,Friesland,Netherlands
尼扬扎省,Nyanza Province,Kenya
关塔那摩省,Guantánamo Province,Cuba
拉斯图纳斯省,Las Tunas Province,Cuba
格拉玛省,Granma Province,Cuba
西恩富戈斯省,Cienfuegos Province,Cuba
林堡省,Limburg,Belgium
奥罗拉省,Aurora,Philippines
黄金海岸,Costa Daurada,Spain
攀牙府,Phang Nga,Thailand
湄宏順府,Mae Hong Son,Thailand
拉里奥哈,La Rioja,Spain
赫羅納省,Girona Province,Spain
东爪哇省,East Java,Indonesia
南苏拉威西省,South Sulawesi,Indonesia
明古魯省,Bengkulu Province,Indonesia
東努沙登加拉省,East Nusa Tenggara Province,Indonesia
東加里曼丹省,Kalimantan Timur,Indonesia
西爪哇省,West Java Province,Indonesia
西苏拉威西省,West Sulawesi,Indonesia
西苏门答腊省,West Sumatra,Indonesia
马鲁古省,Maluku Province,Indonesia
埃諾省,Hainaut,Belgium
格罗宁根省,Groningen,Netherlands
艾登省,Aydın Province,Turkey
楠府,Nan,Thailand
烏泰他尼府,Uthai Thani,Thailand
哈卡里省,Hakkâri Province,Turkey
諾曼底,Normandy,France
諾曼底,Normandy,Guernsey
莱里达省,Lleida Province,Spain
諾曼底,Normandy,Jersey
八打雁省,Batangas,Philippines
北甘馬粦省,Camarines Norte,Philippines
南甘馬粦省,Camarines Sur,Philippines
北拉瑙省,Lanao del Norte,Philippines
北薩馬省,Northern Samar,Philippines
吉馬拉斯省,Guimaras,Philippines
奎松省,Quezon,Philippines
布基农省,Bukidnon,Philippines
新比斯開省,Nueva Vizcaya,Philippines
西內格羅省,Negros Occidental,Philippines
阿巴尧省,Apayao,Philippines
邦阿西楠省,Pangasinan,Philippines
高山省,Mountain Province,Philippines
黎剎省,Rizal,Philippines
北欖府,Samut Prakan,Thailand
北伊羅戈省,Ilocos Norte,Philippines
艾因迪夫拉省,Aïn Defla Province,Algeria
巴丹群島省,Batanes,Philippines
西達沃省,Davao Occidental,Philippines
內爾徹,Närke,Sweden
哥打巴托省,Cotabato,Philippines
聯合省,La Union,Philippines
克尔克拉雷利省,Kırklareli Province,Turkey
马拉蒂亚省,Malatya Province,Turkey
阿尔萨斯,Alsace,France
耶姆特蘭,Jämtland,Sweden
佛統府,Nakhon Pathom,Thailand
南芬兰省,Southern Finland Province,Finland
盖尔达耶省,Ghardaïa Province,Algeria
烏隆府,Udon Thani,Thailand
东部省,Eastern Province,Kenya
龍仔厝府,Samut Sakhon,Thailand
巴真府,Prachin Buri,Thailand
廊開府,Nong Khai,Thailand
北達沃省,Davao del Norte,Philippines
本格特省,Benguet,Philippines
東內格羅省,Negros Oriental,Philippines
瓜達拉哈拉省,Guadalajara Province,Spain
薩拉戈薩省,Zaragoza Province,Spain
韋斯卡省,Huesca Province,Spain
達爾斯蘭,Dalsland,Sweden
威拉省,Huíla Province,Angola
羅勇府,Rayong,Thailand
莫拉限府,Mukdahan,Thailand
宿霧省,Cebu,Philippines
保和省,Bohol,Philippines
馬林杜克省,Marinduque,Philippines
夜功府,Samut Songkhram,Thailand
本哥省,Bengo Province,Angola
羅安達省,Luanda Province,Angola
朗布隆省,Romblon,Philippines
西芬兰省,Western Finland Province,Finland
东达沃省,Davao Oriental,Philippines
南阿古桑省,Agusan del Sur,Philippines
南拉瑙省,Lanao del Sur,Philippines
西民都洛省,Occidental Mindoro,Philippines
巴倫西亞省,Valencia Province,Spain
阿利坎特省,Alicante Province,Spain
雷阿爾城省,Ciudad Real Province,Spain
黎府,Loei,Thailand
卡林阿省,Kalinga,Philippines
芒斯特省,Munster,Ireland
中部省,Central Province,Kenya
內湖省,Laguna,Philippines
卡坦端内斯省,Catanduanes,Philippines
宗古尔达克省,Zonguldak Province,Turkey
北阿古桑省,Agusan del Norte,Philippines
南達沃省,Davao del Sur,Philippines
新怡詩夏省,Nueva Ecija,Philippines
阿拉瓦省,Alava,Spain
马尼萨省,Manisa Province,Turkey
托萊多省,Toledo Province,Spain
特魯埃爾省,Teruel Province,Spain
索里亚省,Soria Province,Spain
巴吞他尼府,Pathum Thani,Thailand
迪纳加特群岛,Dinagat Islands,Philippines
北大年府,Pattani,Thailand
普吉府,Phuket,Thailand
康波斯特拉谷省,Compostela Valley,Philippines
亞多亞,Artois,France
羅塞斯灣,Gulf of Roses,Spain
阿爾梅里亞省,Almería Province,Spain
北柳府,Chachoengsao,Thailand
清萊府,Chiang Rai,Thailand
马尔丁省,Mardin Province,Turkey
洛坤府,Nakhon Si Thammarat,Thailand
东约特兰,Östergötland,Sweden
卡斯特利翁省,Castellón Province,Spain
塞哥維亞省,Segovia Province,Spain
布尔戈斯省,Burgos Province,Spain
帕伦西亚省,Palencia Province,Spain
阿维拉省,Ávila Province,Spain
阿德拉爾省,Adrar Province,Algeria
喀丙達省,Cabinda Province,Angola
布列塔尼半岛,Brittany,France
彭世洛府,Phitsanulok,Thailand
多菲内,Dauphiné,France
尼代省,Niğde Province,Turkey
基利斯省,Kilis Province,Turkey
屈塔希亚省,Kütahya Province,Turkey
穆拉省,Muğla Province,Turkey
甲米地省,Cavite,Philippines
伊富高省,Ifugao,Philippines
東薩馬省,Eastern Samar,Philippines
東米薩米斯省,Misamis Oriental,Philippines
季里諾省,Quirino,Philippines
加斯科涅,Gascony,France
清邁府,Chiang Mai,Thailand
萊昂山脈,Montes de León,Spain
锡诺普省,Sinop Province,Turkey
北標府,Saraburi,Thailand
巴丹省,Bataan,Philippines
巴尔滕省,Bartın Province,Turkey
倫斯特省,Leinster,Ireland
巴达霍斯省,Badajoz Province,Spain
信武里府,Sing Buri,Thailand
加拉信府,Kalasin,Thailand
四色菊府,Si Sa Ket,Thailand
北碧府,Kanchanaburi,Thailand
坤敬府,Khon Kaen,Thailand
叻丕府,Ratchaburi,Thailand
武里喃府,Buri Ram,Thailand
華富里府,Lopburi,Thailand
尖竹汶府,Chanthaburi,Thailand
來興府,Tak,Thailand
隆格多克,Languedoc,France
林堡省,Limburg,Netherlands
巴利亞多利德省,Valladolid Province,Spain
萨拉曼卡省,Salamanca Province,Spain
伊莎貝拉省,Isabela,Philippines
克尔谢希尔省,Kırşehir Province,Turkey
梅尔辛省,Mersin Province,Turkey
阿尔及尔省,Algiers Province,Algeria
泰基尔达省,Tekirdağ Province,Turkey
穆什省,Muş Province,Turkey
伊洛伊洛省,Iloilo,Philippines
勞里科查省,Lauricocha Province,Peru
莫希科省,Moxico Province,Angola
卡皮茲省,Capiz,Philippines
安蒂克省,Antique,Philippines
素輦府,Surin,Thailand
色軍府,Sakon Nakhon,Thailand
春武里府,Chon Buri,Thailand
卡米金省,Camiguin,Philippines
馬哈贊加省,Mahajanga Province,Madagascar
南邦府,Lampang,Thailand
伊斯帕尔塔省,Isparta Province,Turkey
西新不列顛省,West New Britain Province,Papua New Guinea
南奔府,Lamphun,Thailand
北比奥科省,Bioko Norte Province,Equatorial Guinea
贊詹省,Zanjan Province,Iran
烏普蘭,Uppland,Sweden
馬京達瑙省,Maguindanao,Philippines
西部省,Western Province,Papua New Guinea
西部省,Western Province,Rwanda
韋爾瓦省,Huelva Province,Spain
馬拉加省,Málaga Province,Spain
邦板牙省,Pampanga,Philippines
东塞皮克省,East Sepik Province,Papua New Guinea
哈恩省,Jaén Province,Spain
博他侖府,Phatthalung,Thailand
里昂内,Lyonnais,France
安纳巴省,Annaba Province,Algeria
西約特蘭,Västergötland,Sweden
馬爾班省,Marbán Province,Bolivia
薩蘭加尼省,Sarangani,Philippines
巴拉望省,Palawan,Philippines
布什爾省,Bushehr Province,Iran
阿爾達比勒省,Ardabil Province,Iran
莫德斯托奧米斯特省,Modesto Omiste Province,Bolivia
埃尔祖鲁姆省,Erzurum Province,Turkey
西曼蘭,Västmanland,Sweden
貝里 (法國),Berry,France
惹拉府,Yala,Thailand
馬德雷德迪奧斯省,Madre de Dios Province,Bolivia
中央省,Markazi Province,Iran
馬莫雷省,Mamoré Province,Bolivia
中芬蘭省,Central Finland Province,Finland
科爾多瓦省,Córdoba Province,Spain
图赖讷,Touraine,France
安茹,Anjou,France
乔鲁姆省,Çorum Province,Turkey
北倫達省,Lunda Norte Province,Angola
比斯開省,Biscay,Spain
詹姆蘇達涅斯省,Jaime Zudáñez Province,Bolivia
奧盧省,Oulu Province,Finland
素可泰府,Sukhothai,Thailand
康諾特省,Connacht,Ireland
聖巴勃羅省,San Pablo Province,Peru
那空拍儂府,Nakhon Phanom,Thailand
北部省,Oro Province,Papua New Guinea
董里府,Trang,Thailand
萨莫拉省,Zamora Province,Spain
汶干府,Bueng Kan,Thailand
沙繳府,Sa Kaeo,Thailand
銀港省,Puerto Plata Province,Dominican Republic
特拉布宗省,Trabzon Province,Turkey
奧爾良行省,Orléanais,France
格拉納達省,Granada Province,Spain
东芬兰省,Eastern Finland Province,Finland
吉普斯夸省,Gipuzkoa,Spain
尚勒乌尔法省,Şanlıurfa Province,Turkey
雅馬邑,Armagnac,France
坤西育府,Nakhon Nayok,Thailand
基度山省,Monte Cristi Province,Dominican Republic
拉維加省,La Vega Province,Dominican Republic
基埃恩特姆省,Kié-Ntem Province,Equatorial Guinea
巴塞罗那省,Barcelona Province,Spain
汉舍莱省,Khenchela Province,Algeria
塞爾卡多省,Cercado Province,Bolivia
本吉拉省,Benguela Province,Angola
大城府,Phra Nakhon Si Ayutthaya,Thailand
昌克勒省,Çankırı Province,Turkey
大查科省,Gran Chaco Province,Bolivia
加的斯省,Cádiz Province,Spain
莱昂省,Province of León,Spain
阿爾斯特省,Ulster,United Kingdom
阿爾斯特省,Ulster,Ireland
南曼蘭,Södermanland,Sweden
梅多克,Médoc,France
圖利亞拉省,Toliara Province,Madagascar
西米薩米斯省,Misamis Occidental,Philippines
拉斯帕爾馬斯省,Las Palmas Province,Spain
安托法加斯塔省,Antofagasta Province,Chile
庫爾德斯坦省,Kurdistan Province,Iran
北開普省,Northern Cape,South Africa
何塞巴利維安省,José Ballivián Province,Bolivia
維堡省,Viipuri Province,Finland
宋卡府,Songkhla,Thailand
沙敦府,Satun,Thailand
普瓦圖,Poitou,France
桑道恩省,Sandaun Province,Papua New Guinea
比那尔德里奥省,Pinar del Río Province,Cuba
拉普蘭,Lapland,Sweden
拉科鲁尼亚省,A Coruña Province,Spain
維堡省,Viipuri Province,Russian Empire
阿蘇阿省,Azua Province,Dominican Republic
安納乍能府,Amnat Charoen,Thailand
素叻府,Surat Thani,Thailand
夏洛莱,Charolais,France
滨海省,Litoral Province,Equatorial Guinea
塔拉戈纳省,Tarragona Province,Spain
奥伦塞省,Ourense Province,Spain
昂古莫瓦,Angoumois,France
贝阿恩,Béarn,France
南高地省,Southern Highlands Province,Papua New Guinea
韦莱恩萨斯省,Wele-Nzas Province,Equatorial Guinea
博若莱,Beaujolais,France
布萊金厄,Blekinge,Sweden
黎逸府,Roi Et,Thailand
東民都洛省,Oriental Mindoro,Philippines
東開普省,Eastern Cape,South Africa
瓦斯科省,Huasco Province,Chile
哥得蘭島,Gotland,Sweden
瑪哈沙拉堪府,Maha Sarakham,Thailand
薩馬省,Samar,Philippines
雷伊泰省,Leyte,Philippines
香槟,Champagne,France
哈蘭,Halland,Sweden
塔那那利佛省,Antananarivo Province,Madagascar
奈洛比省,Q1061480,Kenya
曼恩,Maine,France
東新不列顛省,East New Britain,Papua New Guinea
卡塞雷斯省,Cáceres Province,Spain
卢戈省,Lugo Province,Spain
聖克魯斯-德特內里費省,Santa Cruz de Tenerife Province,Spain
馬當省,Madang Province,Papua New Guinea
烏汶府,Ubon Ratchathani,Thailand
康賽普西翁省,Santiago,Chile
猜納府,Chai Nat,Thailand
伊兹密尔省,Izmir Province,Turkey
伊特內斯省,Iténez Province,Bolivia
薩伊省,Zaire Province,Angola
帕夭府,Phayao,Thailand
桐艾府,Trat,Thailand
卡赫拉曼马拉什省,Kahramanmaraş Province,Turkey
米拉貝姐妹省,Hermanas Mirabal Province,Dominican Republic
艾斯派亞省,Espaillat Province,Dominican Republic
拉廊府,Ranong,Thailand
馬斯巴特省,Masbate,Philippines
比耶省,Bié Province,Angola
披集府,Phichit,Thailand
庫姆省,Qom Province,Iran
西亞塞拜然省,West Azarbaijan Province,Iran
波旁,Bourbonnais,France
西開普省,Western Cape,South Africa
北欖坡府,Nakhon Sawan,Thailand
益梭通府,Yasothon,Thailand
達拉納,Dalarna,Sweden
夸祖魯-納塔爾省,KwaZulu-Natal,South Africa
暖武里府,Nonthaburi,Thailand
紅統府,Ang Thong,Thailand
碧差汶府,Phetchabun,Thailand
陸前國,Rikuzen Province,Japan
巴拉奧納省,Barahona Province,Dominican Republic
東高地省,Eastern Highlands Province,Papua New Guinea
西高地省,Western Highlands Province,Papua New Guinea
哈瓦那省,Havana Province,Cuba
中央省,Central Province,Papua New Guinea
艾森省,Aysén Province,Chile
阿勞科省,Arauco Province,Chile
通杰利省,Tunceli Province,Turkey
賽堡省,El Seibo Province,Dominican Republic
克爾曼沙汗省,Kermanshah Province,Iran
克爾曼省,Kerman Province,Iran
塞姆南省,Semnan Province,Iran
桑切斯·拉米斯省,Sánchez Ramírez Province,Dominican Republic
卡马圭省,Camagüey Province,Cuba
北博滕,Norrbotten,Sweden
霍爾木茲甘省,Hormozgan Province,Iran
復活節島省,Easter Island Province,Chile
埃尔津詹省,Erzincan Province,Turkey
錫瓦斯省,Sivas Province,Turkey
帕里納科塔省,Parinacota Province,Chile
火國,Hi Province,Japan
山美納省,Samaná Province,Dominican Republic
布胡斯,Bohuslän,Sweden
奥索尔诺省,Osorno Province,Chile
洛斯安第斯省,Los Andes Province,Chile
圣地亚哥省,Santiago Province,Chile
奇洛埃省,Chiloé Province,Chile
查卡布科省,Chacabuco Province,Chile
比奧比奧省,Bío Bío province,Chile
考克內斯省,Cauquenes Province,Chile
艾爾塔馬魯加爾省,Tamarugal Province,Chile
埃雷迪亚省,Heredia Province,Costa Rica
东部省,Eastern Province,Rwanda
瓦薩省,Vaasa Province,Russian Empire
聖多明哥省,Santo Domingo Province,Dominican Republic
南部省,Southern Province,Rwanda
伊斯坦堡省,Istanbul Province,Turkey
布塔雷省,Butare Province,Rwanda
圣克拉拉省,Santa Clara Province,Cuba
恰哈馬哈勒－巴赫蒂亞里省,Chaharmahal and Bakhtiari Province,Iran
東亞塞拜疆省,East Azerbaijan Province,Iran
自由邦省,Free State,South Africa
佩察莫省,Petsamo Province,Finland
北卡累利阿省,Northern Karelia Province,Finland
谢戈德阿维拉省,Ciego de Ávila Province,Cuba
奧斯曼尼耶省,Osmaniye Province,Turkey
利納雷斯省,Linares Province,Chile
馬伊波省,Maipo Province,Chile
塔拉甘特省,Talagante Province,Chile
海灣省,Gulf,Papua New Guinea
佩德納萊斯省,Pedernales Province,Dominican Republic
佩拉維亞省,Peravia Province,Dominican Republic
石城國,Iwaki Province,Japan
羽前國,Uzen Province,Japan
獨立省,Independencia Province,Dominican Republic
林波波省,Limpopo,South Africa
托科皮亞省,Tocopilla Province,Chile
喬阿帕省,Choapa Province,Chile
中南省,Centro Sur Province,Equatorial Guinea
南比奥科省,Bioko Sur Province,Equatorial Guinea
欽布省,Chimbu Province,Papua New Guinea
兰奇胡亚省,Llanquihue Province,Chile
卡雷拉將軍省,General Carrera Province,Chile
内夫谢希尔省,Nevşehir Province,Turkey
翁厄曼蘭,Ångermanland,Sweden
卡德納爾卡羅省,Cardenal Caro Province,Chile
普拉特海軍上尉省,Capitán Prat Province,Chile
查尼亞拉爾省,Chañaral Province,Chile
科伊艾克省,Coyhaique Province,Chile
考丁省,Cautín Province,Chile
迪兹杰省,Düzce Province,Turkey
科皮亞波省,Copiapó Province,Chile
巴奧魯可省,Baoruco Province,Dominican Republic
恩加省,Enga Province,Papua New Guinea
莫雷贝省,Morobe Province,Papua New Guinea
伊拉姆省,Ilam Province,Iran
巴韋德省,Valverde Province,Dominican Republic
銀山省,Monte Plata Province,Dominican Republic
聖地牙哥省,Santiago Province,Dominican Republic
馬贊德蘭省,Mazandaran Province,Iran
蓬特韋德拉省,Pontevedra Province,Spain
普馬蘭加省,Mpumalanga,South Africa
科迪勒拉省,Cordillera Province,Chile
利馬里省,Limarí Province,Chile
羅馬納省,La Romana Province,Dominican Republic
達哈翁省,Dajabón Province,Dominican Republic
新愛爾蘭省,New Ireland Province,Papua New Guinea
安齊拉納納省,Antsiranana Province,Madagascar
乌沙克省,Uşak Province,Turkey
加济安泰普省,Gaziantep Province,Turkey
卡拉曼省,Karaman Province,Turkey
吉雷松省,Giresun Province,Turkey
奥尔杜省,Ordu Province,Turkey
居米什哈内省,Gümüşhane Province,Turkey
里泽省,Rize Province,Turkey
亚洛瓦省,Yalova Province,Turkey
开塞利省,Kayseri Province,Turkey
托卡特省,Tokat Province,Turkey
锡尔特省,Siirt Province,Turkey
德蘭士瓦省,Transvaal,South Africa
圣地亚哥省,Santiago de Cuba Province,Cuba
斯科訥,Scania,Sweden
米爾恩灣省,Milne Bay Province,Papua New Guinea
馬努斯省,Manus Province,Papua New Guinea
陸中國,Rikuchū Province,Japan
塞維利亞省,Seville Province,Spain
戈勒斯坦省,Golestan Province,Iran
西北省,North West,South Africa
菲亞納蘭楚阿省,Fianarantsoa Province,Madagascar
哈馬丹省,Hamadan Province,Iran
梅利皮亞省,Melipilla Province,Chile
馬爾加馬爾加省,Marga Marga Province,Chile
馬雷科省,Malleco Province,Chile
阿托馬約省,Hato Mayor Province,Dominican Republic
卡拉比克省,Karabük Province,Turkey
埃拉泽省,Elazığ Province,Turkey
埃斯基谢希尔省,Eskişehir Province,Turkey
海爾辛蘭,Hälsingland,Sweden
海里耶達倫,Härjedalen,Sweden
南極智利省,Antártica Chilena Province,Chile
庫里科省,Curicó Province,Chile
科爾查瓜省,Colchagua Province,Chile
南呼羅珊省,South Khorasan Province,Iran
聖母省,La Altagracia Province,Dominican Republic
德黑蘭省,Tehran Province,Iran
梅代爾帕德,Medelpad,Sweden
北部省,Northern Province,Rwanda
卡查波阿爾省,Cachapoal Province,Chile
阿里卡省,Arica Province,Chile
卡斯塔莫努省,Kastamonu Province,Turkey
巴伊布尔特省,Bayburt Province,Turkey
萨姆松省,Samsun Province,Turkey
屈米省,Kymi Province,Finland
圖阿馬西納省,Toamasina Province,Madagascar
艾利斯皮亞省,Elías Piña Province,Dominican Republic
伊基克省,Iquique Province,Chile
西博滕,Västerbotten,Sweden
韋姆蘭,Värmland,Sweden
豪登省,Gauteng,South Africa
亞茲德省,Yazd Province,Iran
北呼羅珊省,North Khorasan Province,Iran
科吉盧耶－博韋艾哈邁德省,Kohgiluyeh and Boyer-Ahmad Province,Iran
耶斯特里克蘭,Gästrikland,Sweden
斯莫蘭,Småland,Sweden
庫奧皮奧省,Kuopio Province,Russian Empire
礼萨呼罗珊省,Razavi Khorasan Province,Iran
舍尔纳克省,Şırnak Province,Turkey
羽後國,Ugo Province,Japan
聖佩德羅德托托拉省,San Pedro de Totora Province,Bolivia
圣何塞省,San José Province,Costa Rica
奇基托斯省,Chiquitos Province,Bolivia
江苏省,Jiangsu,People's Republic of China
浙江省,Zhejiang,People's Republic of China
瓜纳卡斯特省,Guanacaste Province,Costa Rica
聖胡安省,San Juan Province,Dominican Republic
紐弗洛德查韋斯省,Ñuflo de Chávez Province,Bolivia
赫爾南多西萊斯省,Hernando Siles Province,Bolivia
博卡斯德爾托羅省,Bocas del Toro Province,Panama
巴拿馬省,Panamá Province,Panama
貝利薩里奧博埃托省,Belisario Boeto Province,Bolivia
塔爾卡省,Talca Province,Chile
查揚塔省,Chayanta Province,Bolivia
亞庫馬省,Yacuma Province,Bolivia
赫爾曼布希省,Germán Busch Province,Bolivia
火地島省,Tierra del Fuego Province,Chile
烏爾蒂馬埃斯佩蘭薩省,Última Esperanza Province,Chile
瓦尔迪维亚省,Valdivia Province,Chile
瓦爾帕萊索省,Valparaíso Province,Chile
阿尼塞托阿爾塞省,Aniceto Arce Province,Bolivia
瓦卡迪茨省,Vaca Díez Province,Bolivia
蓬塔雷纳斯省,Puntarenas Province,Costa Rica
阿拉胡埃拉省,Alajuela Province,Costa Rica
奧馬蘇約斯省,Omasuyos Province,Bolivia
瓜拉約斯省,Guarayos Province,Bolivia
杜華德省,Duarte Province,Dominican Republic
馬努埃爾瑪利亞卡瓦列羅省,Manuel María Caballero Province,Bolivia
磅湛省,Kampong Cham Province,Cambodia
科爾內利奧薩韋德拉省,Cornelio Saavedra Province,Bolivia
岩代國,Iwashiro Province,Japan
麥哲倫省,Magallanes Province,Chile
卡拉斯科省,Carrasco Province,Bolivia
塞瓦斯蒂安帕加多爾省,Sebastián Pagador Province,Bolivia
貝納迪諾畢爾巴省,Bernardino Bilbao Province,Bolivia
阿隆索德伊瓦涅斯省,Alonso de Ibáñez Province,Bolivia
阿約帕亞省,Ayopaya Province,Bolivia
江西省,Jiangxi,People's Republic of China
劳省,Lau Province,Fiji
曼科卡帕克省,Manco Kapac Province,Bolivia
莫克索斯省,Moxos Province,Bolivia
湖南省,Hunan,People's Republic of China
托馬斯巴龍省,Tomas Barrón Province,Bolivia
埃爾基省,Elqui Province,Chile
埃斯特萬阿爾塞省,Esteban Arce Province,Bolivia
洛斯安地斯省,Los Andes Province,Bolivia
河北省,Hebei,People's Republic of China
聖克里斯多堡省,San Cristóbal Province,Dominican Republic
聖彼德省,San Pedro de Macorís,Dominican Republic
弗朗茨塔馬約省,Franz Tamayo Province,Bolivia
納爾西索坎佩羅省,Narciso Campero Province,Bolivia
阿爾克省,Arque Province,Bolivia
瑪麗亞·桑其斯省,María Trinidad Sánchez Province,Dominican Republic
濱海省,Litoral Province,Bolivia
南奇查斯省,Sud Chichas Province,Bolivia
紹卡里省,Saucarí Province,Bolivia
北永加斯省,Nor Yungas Province,Bolivia
阿拉尼省,Arani Province,Bolivia
芳野監,Yoshino Province,Japan
歐斯塔基奧門德斯省,Eustaquio Méndez Province,Bolivia
阿布納省,Abuná Province,Bolivia
帕莱纳省,Palena Province,Chile
何塞馬努埃爾潘多省,José Manuel Pando Province,Bolivia
塔帕卡里省,Tapacarí Province,Bolivia
科克萊省,Coclé Province,Panama
卡拉納維省,Caranavi Province,Bolivia
北奇查斯省,Nor Chichas Province,Bolivia
因加維省,Ingavi Province,Bolivia
南卡蘭加斯省,Sud Carangas Province,Bolivia
拉斐爾布斯蒂略省,Rafael Bustillo Province,Bolivia
加茲溫省,Qazvin Province,Iran
洛雷斯坦省,Lorestan Province,Iran
主教·瑙黎省,Monseñor Nouel Province,Dominican Republic
甘肃省,Gansu,People's Republic of China
何塞瑪利亞阿維萊斯省,José María Avilés Province,Bolivia
薩亞馬省,Sajama Province,Bolivia
瓜爾韋托比利亞羅埃爾省,Gualberto Villarroel Province,Bolivia
吉蘭省,Gilan Province,Iran
科迪勒拉省,Cordillera Province,Bolivia
普納塔省,Punata Province,Bolivia
米斯克省,Mizque Province,Bolivia
黑龙江省,Heilongjiang,People's Republic of China
鮑蒂斯塔薩維德拉省,Bautista Saavedra Province,Bolivia
因基西維省,Inquisivi Province,Bolivia
托馬斯弗里亞斯省,Tomás Frías Province,Bolivia
穆涅卡斯省,Muñecas Province,Bolivia
阿貝爾伊圖拉爾德省,Abel Iturralde Province,Bolivia
馬努里皮省,Manuripi Province,Bolivia
四川省,Sichuan,People's Republic of China
克勒克卡莱省,Kırıkkale Province,Turkey
錫斯坦－俾路支斯坦省,Sistan and Baluchestan,Iran
基亞科約省,Quillacollo Province,Bolivia
費德里科羅曼省,Federico Román Province,Bolivia
阿羅馬省,Aroma Province,Bolivia
班迭棉吉省,Banteay Meanchey Province,Cambodia
安赫爾桑多瓦爾省,Ángel Sandoval Province,Bolivia
卡塔戈省,Provincia de Cartago,Costa Rica
蒂拉克省,Tiraque Province,Bolivia
云南省,Yunnan,People's Republic of China
查帕雷省,Chapare Province,Bolivia
薩瓦亞省,Sabaya Province,Bolivia
埃雷拉省,Herrera Province,Panama
埃利奧多羅卡馬喬省,Eliodoro Camacho Province,Bolivia
安卡拉省,Ankara Province,Turkey
广东省,Guangdong,People's Republic of China
厄尔布尔士省,Alborz Province,Iran
佩托爾卡省,Petorca Province,Chile
基約塔省,Quillota Province,Chile
紐布萊省,Ñuble Province,Chile
聖安東尼奧省,San Antonio Province,Chile
蘭科省,El Ranco Province,Chile
吉林省,Jilin,People's Republic of China
南利佩斯省,Sur Lípez Province,Bolivia
伯德特奧康納省,Burdett O'Connor Province,Bolivia
尼古拉蘇阿雷斯省,Nicolás Suárez Province,Bolivia
阿蘇杜伊省,Juana Azurduy de Padilla Province,Bolivia
洛阿省,El Loa Province,Chile
玻利瓦爾省,Bolívar Province,Bolivia
聖地亞哥-羅里蓋茲省,Santiago Rodríguez Province,Dominican Republic
赫拉省,Hela,Papua New Guinea
北利佩斯省,Nor Lípez Province,Bolivia
拉雷卡哈省,Larecaja Province,Bolivia
佩德羅多明戈穆里略省,Pedro Domingo Murillo Province,Bolivia
丹尼爾坎波斯省,Daniel Campos Province,Bolivia
查爾卡斯省,Charcas Province,Bolivia
南永加斯省,Sud Yungas Province,Bolivia
安德雷斯伊瓦涅斯省,Andrés Ibáñez Province,Bolivia
安徽省,Anhui,People's Republic of China
山东省,Shandong,People's Republic of China
辽宁省,Liaoning,People's Republic of China
聖荷西省,San José de Ocoa Province,Dominican Republic
法爾斯省,Fars Province,Iran
多禰國,Tane Province,Japan
卡皮諾塔省,Capinota Province,Bolivia
安東尼奧基哈羅省,Antonio Quijarro Province,Bolivia
恩里克巴爾迪維索省,Enrique Baldivieso Province,Bolivia
帕卡赫斯省,Pacajes Province,Bolivia
利蒙省,Limón Province,Costa Rica
國家首都區,National Capital District,Papua New Guinea
台湾省 (中华人民共和国),Taiwan Province,People's Republic of China
胡齊斯坦省,Khuzestan Province,Iran
福建省,Fujian,People's Republic of China
青海省,Qinghai,People's Republic of China
北卡蘭加斯省,Nor Carangas Province,Bolivia
何塞瑪利亞利納雷斯省,José María Linares Province,Bolivia
埃杜阿多阿瓦羅亞省,Eduardo Abaroa Province,Bolivia
北科尔多凡省,North Kurdufan,Sudan
班顿杜省,Bandundu Province,Democratic Republic of the Congo
白馬市,Kep Province,Cambodia
聖多明各-德洛斯查奇拉斯省,Santo Domingo de los Tsáchilas Province,Ecuador
尼揚加省,Nyanga Province,Gabon
呼罗珊,Khorasan Province,Iran
奧維斯波桑蒂斯特萬省,Obispo Santistevan Province,Bolivia
两江道,Ryanggang Province,North Korea
加丹加省,Katanga Province,Democratic Republic of the Congo
喀土穆省,Khartoum,Sudan
尼羅省,River Nile,Sudan
黄海南道,South Hwanghae Province,North Korea
马涅马省,Maniema,Democratic Republic of the Congo
平安南道,South Pyongan Province,North Korea
索法拉省,Sofala Province,Mozambique
拉省,Ra Province,Fiji
何塞米格爾德貝拉斯科省,José Miguel de Velasco Province,Bolivia
加拉帕戈斯省,Galápagos Province,Ecuador
埃爾奧羅省,El Oro Province,Ecuador
戈公省,Koh Kong Province,Cambodia
德尔加杜角省,Cabo Delgado Province,Mozambique
科隆省,Colón Province,Panama
海南省,Hainan,People's Republic of China
湖北省,Hubei,People's Republic of China
青尼罗省,Blue Nile,Sudan
钦博拉索省,Chimborazo Province,Ecuador
磅士卑省,Kampong Speu Province,Cambodia
那德羅加諾沃薩省,Nadroga-Navosa Province,Fiji
中奧果韋省,Moyen-Ogooué Province,Gabon
腊塔纳基里省,Ratanakiri Province,Cambodia
伊奇洛省,Ichilo Province,Bolivia
伊格納西奧瓦爾內斯省,Ignacio Warnes Province,Bolivia
薩拉省,Sara Province,Bolivia
磅同省,Kampong Thom Province,Cambodia
萨莫拉-钦奇佩省,Zamora-Chinchipe Province,Ecuador
巴特纳省,Batna Province,Algeria
奈塔西里省,Naitasiri Province,Fiji
瓜亚斯省,Guayas Province,Ecuador
纳波省,Napo Province,Ecuador
奥多棉吉省,Oddar Meanchey Province,Cambodia
赞比西亚省,Zambezia Province,Mozambique
西科尔多凡州,West Kurdufan,Sudan
波美拉尼亚省,Pomerania Province,Prussia
洛迈维提省,Lomaiviti Province,Fiji
山西省,Shanxi,People's Republic of China
东开赛省,Kasaï-Oriental,Democratic Republic of the Congo
卡蘭加斯省,Carangas Province,Bolivia
路爾斯卡爾沃省,Luis Calvo Province,Bolivia
奇里基省,Chiriquí Province,Panama
蒙多基里省,Mondulkiri Province,Cambodia
马普托省,Maputo Province,Mozambique
菩萨省,Pursat Province,Cambodia
沃勒-恩特姆省,Woleu-Ntem Province,Gabon
納莫西省,Namosi Province,Fiji
莫罗纳-圣地亚哥省,Morona-Santiago Province,Ecuador
河口省,Estuaire Province,Gabon
達連省,Darién Province,Panama
洛艾薩省,Loayza Province,Bolivia
赫爾曼霍爾丹省,Germán Jordán Province,Bolivia
西达尔富尔省,West Darfur,Sudan
馬德望省,Battambang Province,Cambodia
柴楨省,Svay Rieng Province,Cambodia
陕西省,Shaanxi,People's Republic of China
濱海奧果韋省,Ogooué-Maritime Province,Gabon
中刚果省,Q1043494,Democratic Republic of the Congo
伊斯法罕省,Isfahan Province,Iran
洛斯桑托斯省,Los Santos Province,Panama
皮欽查省,Pichincha Province,Ecuador
雷瓦省,Rewa Province,Fiji
慈江道,Chagang Province,North Korea
波萝勉省,Prey Veng Province,Cambodia
贵州省,Guizhou,People's Republic of China
南辛蒂省,Sud Cinti Province,Bolivia
拉迪斯勞卡布雷拉省,Ladislao Cabrera Province,Bolivia
茶胶省,Takéo Province,Cambodia
楠普拉省,Nampula Province,Mozambique
马尼卡省,Manica Province,Mozambique
庫安多古班哥省,Cuando Cubango Province,Angola
西开赛省,Kasaï-Occidental,Democratic Republic of the Congo
贡布省,Kampot Province,Cambodia
开赛省,Orientale Province,Democratic Republic of the Congo
卡尔奇省,Carchi Province,Ecuador
因巴布拉省,Imbabura Province,Ecuador
揚帕拉埃斯省,Yamparáez Province,Bolivia
西巴拿馬省,Panamá Oeste Province,Panama
KSACH,Kandal Province,Cambodia
伊尼扬巴内省,Inhambane Province,Mozambique
河南省,Henan,People's Republic of China
桔井省,Kratié Province,Cambodia
暹粒省,Siem Reap Province,Cambodia
南基伍省,South Kivu,Democratic Republic of the Congo
科托帕希省,Cotopaxi Province,Ecuador
白尼罗省,White Nile,Sudan
卡尼亞爾省,Cañar Province,Ecuador
咸镜北道,North Hamgyong Province,North Korea
布阿省,Bua Province,Fiji
馬庫阿塔省,Macuata Province,Fiji
上奥果韦省,Haut-Ogooué Province,Gabon
奥雷亚纳省,Orellana Province,Ecuador
江原道,Kangwon Province,North Korea
北達爾富爾省,North Darfur,Sudan
埃斯梅拉达斯省,Esmeraldas,Ecuador
奧果韋-伊溫多省,Ogooué-Ivindo Province,Gabon
奧果韋-洛洛省,Ogooué-Lolo Province,Gabon
洛斯里奧斯省,Los Ríos Province,Ecuador
马纳比省,Manabí Province,Ecuador
玻利瓦尔省,Bolívar Province,Ecuador
杰济拉省,Al Jazirah,Sudan
北辛蒂省,Nor Cinti Province,Bolivia
奧羅佩薩省,Oropeza Province,Bolivia
托米納省,Tomina Province,Bolivia
梅希約內斯港省,Puerto de Mejillones Province,Bolivia
波波省,Poopó Province,Bolivia
潘塔萊翁達倫斯省,Pantaleón Dalence Province,Bolivia
拜林市,Pailin Province,Cambodia
南达尔富尔省,South Darfur,Sudan
紅海省,Red Sea,Sudan
南科尔多凡省,South Kordofan,Sudan
上丁省,Stung Treng Province,Cambodia
下刚果省,Bas-Congo province,Democratic Republic of the Congo
北基伍省,North Kivu,Democratic Republic of the Congo
卡萨拉省,Kassala,Sudan
咸镜南道,South Hamgyong Province,North Korea
柏威夏省,Preah Vihear Province,Cambodia
赤道省,Équateur Province,Democratic Republic of the Congo
磅清扬省,Kampong Chhnang Province,Cambodia
聖埃倫娜省,Santa Elena Province,Ecuador
加达里夫省,Al Qadarif,Sudan
巴省,Ba Province,Fiji
貝拉瓜斯省,provincial de veraguas,Panama
帕斯塔薩省,Pastaza Province,Ecuador
平安北道,North Pyongan Province,North Korea
黄海北道,North Hwanghae Province,North Korea
泰萊武省,Tailevu Province,Fiji
西斯普拉丁省,Cisplatina Province,Empire of Brazil
瓦耶格蘭省,Vallegrande,Bolivia
加扎省,Gaza Province,Mozambique
阿尤恩省,Laâyoune Province,Morocco
太特省,Tete Province,Mozambique
尼亚萨省,Niassa Province,Mozambique
森纳尔省,Sennar,Sudan
阿苏艾省,Azuay Province,Ecuador
北部省,Northern,Sudan
恩古涅省,Ngounié Province,Gabon
洛哈省,Loja Province,Ecuador
苏昆比奥斯省,Sucumbíos Province,Ecuador
通古拉瓦省,Tungurahua Province,Ecuador
卡考德罗韦省,Cakaudrove Province,Fiji
坎達武省,Kadavu Province,Fiji
塞魯阿省,Serua Province,Fiji
塔克纳省,Tacna Province,Peru
邦加拉省,Bongará Province,Peru
皮乌拉省,Piura Province,Peru
卡哈馬卡省,Cajamarca Province,Peru
塞倫丁省,Celendín Province,Peru
卡哈班巴省,Cajabamba Province,Peru
錢查馬約省,Chanchamayo Province,Peru
布松布拉鄉村省,Bujumbura Rural Province,Burundi
魯塔納省,Rutana Province,Burundi
瓦羅奇里省,Huarochirí Province,Peru
石勒苏益格-荷尔斯泰因省,Province of Schleswig-Holstein,Prussia
穆拉姆维亚省,Muramvya Province,Burundi
皮斯科省,Pisco Province,Peru
羅德里格斯德門多薩省,Rodríguez de Mendoza Province,Peru
阿亞瓦卡省,Ayabaca Province,Peru
蘭巴耶克省,Lambayeque Province,Peru
穆瓦洛省,Mwaro Province,Burundi
孔多爾坎基省,Condorcanqui Province,Peru
塔拉塔省,Tarata Province,Peru
保卡坦博省,Paucartambo Province,Peru
瓦亞加省,Huallaga Province,Peru
胡寧省,Junín Province,Peru
烏特庫班巴省,Utcubamba Province,Peru
阿斯科佩省,Ascope Province,Peru
豪哈省,Jauja Province,Peru
莫羅蓬省,Morropón Province,Peru
乌姆布瓦吉省,Oum El Bouaghi Province,Algeria
提亚雷特省,Tiaret Province,Algeria
提济乌祖省,Tizi Ouzou Province,Algeria
瓦尔格拉省,Ouargla Province,Algeria
穆阿斯凯尔省,Mascara Province,Algeria
米拉省,Mila Province,Algeria
赛伊达省,Saïda Province,Algeria
万博省,Huambo Province,Angola
南倫達省,Lunda Sul Province,Angola
卡揚扎省,Kayanza Province,Burundi
坎塔省,Canta Province,Peru
宛卡班巴省,Huancabamba Province,Peru
奧永省,Oyón Province,Peru
堯約斯省,Yauyos Province,Peru
布鲁里省,Bururi Province,Burundi
薩蒂波省,Satipo Province,Peru
姆西拉省,M'Sila Province,Algeria
卡鲁济省,Karuzi Province,Burundi
拉馬爾省,La Mar Province,Peru
博利瓦省,Bolívar Province,Peru
安博省,Ambo Province,Peru
卡哈坦博省,Cajatambo Province,Peru
康特拉爾米蘭特比利亞爾省,Contralmirante Villar Province,Peru
比斯克拉省,Biskra,Algeria
奇克拉約省,Chiclayo Province,Peru
帕里納科查斯省,Parinacochas Province,Peru
塔爾馬省,Tarma Province,Peru
奧克薩潘帕省,Oxapampa Province,Peru
卡斯馬省,Casma Province,Peru
利馬省,Lima Province,Peru
波蒂略上校省,Coronel Portillo Province,Peru
恩戈齊省,Ngozi Province,Burundi
欽查省,Chincha Province,Peru
聖馬丁省,San Martín Province,Peru
納斯卡省,Nasca Province,Peru
萬塔省,Huanta Province,Peru
塔曼拉塞特省,Tamanghasset Province,Algeria
奧圖斯科省,Otuzco Province,Peru
阿雷基帕省,Arequipa Province,Peru
北廣薩省,Cuanza Norte Province,Angola
威熱省,Uíge Province,Angola
西普鲁士,West Prussia,Prussia
東普魯士,East Prussia,Prussia
塔瓦馬努省,Tahuamanu Province,Peru
巴瓜省,Bagua Province,Peru
艾哈省,Aija Province,Peru
卡洛斯費爾明菲茨卡拉爾省,Carlos Fermín Fitzcarrald Province,Peru
博洛涅西省,Bolognesi Province,Peru
瓦拉斯省,Huaraz Province,Peru
塔里夫省,El Tarf Province,Algeria
埃利赞省,Relizane Province,Algeria
塞提夫省,Sétif Province,Algeria
奥兰省,Oran,Algeria
杰勒法省,Djelfa Province,Algeria
斯基克达省,Skikda Province,Algeria
特莱姆森省,Tlemcen Province,Algeria
纳马省,Naama Province,Algeria
西迪贝勒阿巴斯省,Sidi Bel Abbès Province,Algeria
麦迪亚省,Médéa Province,Algeria
贝沙尔省,Béchar Province,Algeria
基龍多省,Kirundo Province,Burundi
锡比托凯省,Cibitoke Province,Burundi
南廣薩省,Cuanza Sul,Angola
卡涅特省,Cañete Province,Peru
喬塔省,Chota Province,Peru
瓦拉爾省,Huaral Province,Peru
普鲁斯省,Purús Province,Peru
伊利济省,Illizi Province,Algeria
提塞姆西勒特省,Tissemsilt Province,Algeria
提帕萨省,Tipasa Province,Algeria
盖勒马省,Guelma Province,Algeria
艾因泰穆尚特省,Aïn Témouchent Province,Algeria
贝贾亚省,Béjaïa Province,Algeria
泰贝萨省,Tébessa Province,Algeria
穆因加省,Muyinga Province,Burundi
馬坎巴省,Makamba Province,Burundi
鲁伊吉省,Ruyigi Province,Burundi
比爾卡斯瓦曼省,Vilcas Huamán Province,Peru
卡斯蒂利亞省,Castilla Province,Peru
皮科塔省,Picota Province,Peru
蘇亞納省,Sullana Province,Peru
布阿拉里季堡省,Bordj Bou Arréridj Province,Algeria
盧亞省,Luya Province,Peru
哈恩省,Jaén Province,Peru
西里西亚省,Silesia Province,Prussia
帕德雷阿巴德省,Padre Abad Province,Peru
瓦伊塔拉省,Huaytará Province,Peru
庫內納省,Cunene Province,Angola
納米貝省,Namibe Province,Angola
馬蘭哲省,Malanje Province,Angola
艾格瓦特省,Laghouat Province,Algeria
聖馬科斯省,San Marcos Province,Peru
欽切羅斯省,Chincheros Province,Peru
瓊比維卡省,Chumbivilcas Province,Peru
豪爾赫巴薩德雷省,Jorge Basadre Province,Peru
布班扎省,Bubanza Province,Burundi
堯利省,Yauli Province,Peru
拉孔本西翁省,La Convención Province,Peru
吉杰勒省,Jijel Province,Algeria
布维拉省,Bouïra Province,Algeria
巴亚兹省,El Bayadh Province,Algeria
瓦迪省,El Oued Province,Algeria
苏格艾赫拉斯省,Souk Ahras Province,Algeria
馬拉尼翁省,Marañón Province,Peru
坎奇斯省,Canchis Province,Peru
坎庫佐省,Cankuzo Province,Burundi
基特加省,Gitega Province,Burundi
萨克森省,Province of Saxony,Prussia
庫斯科省,Cusco Province,Peru
特本克蒙省,Tbong Khmum Province,Cambodia
查查波亞斯省,Chachapoyas Province,Peru
帕爾帕省,Palpa Province,Peru
丘爾坎帕省,Churcampa Province,Peru
卡爾瓦斯省,Carhuaz Province,Peru
安東尼奧雷蒙迪省,Antonio Raymondi Province,Peru
科龍戈省,Corongo Province,Peru
阿松森省,Asunción Province,Peru
巴蘭卡省,Barranca Province,Peru
卜利达省,Blida Province,Algeria
君士坦丁省,Constantine Province,Algeria
布米尔达斯省,Boumerdès Province,Algeria
廷杜夫省,Tindouf Province,Algeria
穆斯塔加奈姆省,Mostaganem Province,Algeria
谢里夫省,Chlef Province,Algeria
瓦伊拉斯省,Huaylas Province,Peru
瓦里省,Huari Province,Peru
桑塔省,Santa Province,Peru
波馬班巴省,Pomabamba Province,Peru
盧卡納斯省,Lucanas Province,Peru
蘇克雷省,Sucre Province,Peru
雷奈伊省,Recuay Province,Peru
安達韋拉斯省,Andahuaylas Province,Peru
拉烏尼翁省,La Unión Province,Peru
烏魯班巴省,Urubamba Province,Peru
邁納斯省,Maynas Province,Peru
加賀國,Kaga Province,Japan
托尔巴省,Torba,Vanuatu
黑森-拿骚,Hesse-Nassau,Prussia
保卡爾德爾薩拉薩拉省,Paucar del Sara Sara Province,Peru
康德蘇約斯省,Condesuyos Province,Peru
瓦馬利埃斯省,Huamalíes Province,Peru
上總國,Kazusa Province,Japan
上野國,Kōzuke Province,Japan
和泉國,Izumi Province,Japan
周防國,Suō Province,Japan
志摩國,Shima Province,Japan
安房國,Awa Province,Japan
美作國,Mimasaka Province,Japan
讚岐國,Sanuki Province,Japan
信濃國,Shinano Province,Japan
黑森-拿骚,Hesse-Nassau,Nazi Germany
基斯皮坎奇省,Quispicanchi Province,Peru
胡爾坎省,Julcán Province,Peru
阿塔拉亚省,Atalaya Province,Peru
出雲國,Izumo Province,Japan
薩摩國,Satsuma Province,Japan
伊斯萊省,Islay Province,Peru
卡馬納省,Camaná Province,Peru
帕亞斯卡省,Pallasca Province,Peru
瓦爾梅省,Huarmey Province,Peru
阿班凱省,Abancay Province,Peru
馬里斯卡爾盧蘇里加省,Mariscal Luzuriaga Province,Peru
弗洛里達省,Florida Province,Bolivia
丹波國,Tamba Province,Japan
桑马省,Sanma,Vanuatu
吉扎克州,Jizzakh Region,Uzbekistan
普魯士省,Prussia Province,Kingdom of Prussia
科塔班巴斯省,Cotabambas Province,Peru
聖伊格納西奧省,San Ignacio Province,Peru
马朗巴省,Malampa,Vanuatu
肥後國,figo,Japan
尾張國,Owari Province,Japan
三河國,Mikawa Province,Japan
宽果省,Kwango Province,Democratic Republic of the Congo
下總國,Shimōsa Province,Japan
下野國,Shimotsuke Province,Japan
對馬國,Tsushima Province,Japan
豐前國,Buzen Province,Japan
卡納斯省,Canas Province,Peru
瓦烏拉省,Huaura Province,Peru
伊豆國,Izu Province,Japan
出羽國,Dewa Province,Japan
土佐國,Tosa Province,Japan
筑後國,Chikugo Province,Japan
紀伊國,Kii Province,Japan
中達爾富爾,Central Darfur,Sudan
武藏國,Musashi Province,Japan
陸奧國,Mutsu Province,Japan
伊勢國,Ise Province,Japan
霍亨索伦省,Hohenzollern Province,Prussia
伊予國,Iyo Province,Japan
大和國,Yamato Province,Japan
卡伊尤馬省,Caylloma Province,Peru
坎加約省,Cangallo Province,Peru
安塔班巴省,Antabamba Province,Peru
艾馬賴斯省,Aymaraes Province,Peru
永蓋省,Yungay Province,Peru
萬卡桑科斯省,Huanca Sancos Province,Peru
大隅國,Ōsumi Province,Japan
費爾干納州,Fergana Region,Uzbekistan
攝津國,Settsu Province,Japan
美濃國,Mino Province,Japan
豐後國,Bungo Province,Japan
納曼干州,Namangan Region,Uzbekistan
納沃伊州,Navoiy Region,Uzbekistan
汉诺瓦省,Province of Hanover,Weimar Republic
日向國,Hyūga Province,Japan
安塔省,Anta Province,Peru
格蘭奇穆省,Gran Chimú Province,Peru
後志國,Shiribeshi Province,Japan
通貝斯省,Tumbes Province,Peru
肥前國,Hizen Province,Japan
長門國,Nagato Province,Japan
汉诺瓦省,Province of Hanover,German Empire
甲斐國,Kai Province,Japan
近江國,Ōmi Province,Japan
汉诺瓦省,Province of Hanover,Nazi Germany
駿河國,Suruga Province,Japan
備後國,Bingo Province,Japan
伊賀國,Iga Province,Japan
但馬國,Tajima Province,Japan
萊昂西奧帕拉多省,Leoncio Prado Province,Peru
薩魯米亞省,Zarumilla Province,Peru
山城國,Yamashiro Province,Japan
卡什卡達里亞州,Qashqadaryo Region,Uzbekistan
花拉子模州,Xorazm Region,Uzbekistan
錫爾河州,Sirdaryo Region,Uzbekistan
佐渡國,Sado Province,Japan
膽振國,Iburi Province,Japan
丘帕卡省,Chupaca Region,Peru
卡拉韋利省,Caravelí Province,Peru
萬卡約省,Huancayo Province,Peru
備中國,Bitchū Province,Japan
備前國,Bizen Province,Japan
淡路國,Awaji Province,Japan
河內國,Kawachi Province,Japan
石見國,Iwami Province,Japan
筑前國,Chikuzen Province,Japan
相模國,Sagami Province,Japan
越前國,Echizen Province,Japan
安藝國,Aki Province,Japan
東新地區,Eastern Uusimaa,Finland
博滕區 (古代區劃),Ostrobothnia,Finland
莱茵省,Rhine Province,Prussia
格羅省,Grau Province,Peru
瓦曼加省,Huamanga Province,Peru
釧路國,Kushiro Province,Japan
丹後國,Tango Province,Japan
千島國,Chishima Province,Japan
因幡國,Inaba Province,Japan
常陸國,Hitachi Province,Japan
阿波國,Awa Province,Japan
塔菲亚省,Tafea,Vanuatu
塔什干州,Tashkent Region,Uzbekistan
安集延州,Andijan Region,Uzbekistan
布哈拉州,Bukhara Region,Uzbekistan
撒馬爾罕州,Samarqand Region,Uzbekistan
蘇爾漢河州,Surxondaryo Region,Uzbekistan
吉備國,Kibi Province,Japan
伯耆國,Hōki Province,Japan
壹岐國,Iki Province,Japan
播磨國,Harima Province,Japan
渡島國,Oshima Province,Japan
能登國,Noto Province,Japan
若狹國,Wakasa Province,Japan
遠江國,Tōtōmi Province,Japan
隱岐國,Oki Province,Japan
飛驒國,Hida Province,Japan
彭纳马省,Penama,Vanuatu
上亞馬遜省,Alto Amazonas Province,Peru
东達爾富爾,East Darfur,Sudan
谢法省,Shefa,Vanuatu
錫瓦斯省,Sihuas Province,Peru
奧克羅斯省,Ocros Province,Peru
康塞普西翁省,Concepción Province,Peru
切彭省,Chepén Province,Peru
梅爾加省,Melgar Province,Peru
桑迪亞省,Sandia Province,Peru
維克托法哈多省,Víctor Fajardo Province,Peru
塔拉拉省,Talara Province,Peru
瓦凱班巴省,Huacaybamba Province,Peru
丘奎托省,Chucuito Province,Peru
帕奇特阿省,Pachitea Province,Peru
普諾省,Puno Province,Peru
派塔省,Paita Province,Peru
萬卡韋利卡省,Huancavelica Province,Peru
五月二日省,Dos de Mayo Province,Peru
安拉賴斯省,Angaraes Province,Peru
埃爾多拉多省,El Dorado Province,Peru
埃爾科廖省,El Collao Province,Peru
托卡切省,Tocache Province,Peru
永古約省,Yunguyo Province,Peru
貝亞維斯塔省,Bellavista Province,Peru
里奧哈省,Rioja Province,Peru
拉馬斯省,Lamas Province,Peru
塞丘拉省,Sechura Province,Peru
丹尼爾阿爾西德斯卡里翁省,Daniel Alcides Carrión Province,Peru
卡斯特羅維雷納省,Castrovirreyna Province,Peru
帕卡斯馬約省,Pacasmayo Province,Peru
蘭帕省,Lampa Province,Peru
聖地亞哥德丘科省,Santiago de Chuco Province,Peru
桑切斯將軍山省,General Sánchez Cerro Province,Peru
比魯省,Virú Province,Peru
阿科班巴省,Acobamba Province,Peru
莫約班巴省,Moyobamba Province,Peru
聖米格爾省,San Miguel Province,Peru
洛雷托省,Loreto Province,Peru
特魯希略省,Trujillo Province,Peru
伊卡省,Ica Province,Peru
亞羅維爾卡省,Yarowilca Province,Peru
阿桑加羅省,Azángaro Province,Peru
瓦努科省,Huánuco Province,Peru
聖克魯斯省,Santa Cruz Province,Peru
伊洛省,Ilo Province,Peru
印加港省,Puerto Inca Province,Peru
桑切斯卡里翁省,Sánchez Carrión Province,Peru
聖安東尼奧德普蒂納省,San Antonio de Putina Province,Peru
聖羅曼省,San Román Province,Peru
達特姆德爾馬拉尼翁省,Datem del Marañón Province,Peru
馬努省,Manú Province,Peru
帕魯羅省,Paruro Province,Peru
阿科馬約省,Acomayo Province,Peru
雷蒙卡斯蒂利亞元帥省,Mariscal Ramón Castilla Province,Peru
莫霍省,Moho Province,Peru
卡拉瓦亞省,Carabaya Province,Peru
坎達拉韋省,Candarave Province,Peru
卡塞雷斯元帥省,Mariscal Cáceres Province,Peru
孔圖馬薩省,Contumazá Province,Peru
帕塔斯省,Pataz Province,Peru
涅托元帥省,Mariscal Nieto Province,Peru
瓦爾加約克省,Hualgayoc Province,Peru
萬卡內省,Huancané Province,Peru
費雷尼亞費省,Ferreñafe Province,Peru
雷克納省,Requena Province,Peru
卡爾卡省,Calca Province,Peru
埃斯皮納爾省,Espinar Province,Peru
庫特爾沃省,Cutervo city,Peru
塔亞卡哈省,Tayacaja Province,Peru
坦博帕塔省,Tambopata Province,Peru
烏卡亞利省,Ucayali Province,Peru
